date,price
2023-11-01 00:00:00+01:00,104.3
2023-11-01 00:15:00+01:00,77.55
2023-11-01 00:30:00+01:00,64.02
2023-11-01 00:45:00+01:00,59.19
2023-11-01 01:00:00+01:00,95.0
2023-11-01 01:15:00+01:00,65.09
2023-11-01 01:30:00+01:00,58.25
2023-11-01 01:45:00+01:00,37.72
2023-11-01 02:00:00+01:00,66.3
2023-11-01 02:15:00+01:00,62.24
2023-11-01 02:30:00+01:00,57.37
2023-11-01 02:45:00+01:00,50.08
2023-11-01 03:00:00+01:00,55.03
2023-11-01 03:15:00+01:00,52.52
2023-11-01 03:30:00+01:00,52.51
2023-11-01 03:45:00+01:00,43.94
2023-11-01 04:00:00+01:00,45.08
2023-11-01 04:15:00+01:00,50.06
2023-11-01 04:30:00+01:00,56.7
2023-11-01 04:45:00+01:00,56.88
2023-11-01 05:00:00+01:00,54.57
2023-11-01 05:15:00+01:00,52.59
2023-11-01 05:30:00+01:00,58.19
2023-11-01 05:45:00+01:00,85.08
2023-11-01 06:00:00+01:00,60.08
2023-11-01 06:15:00+01:00,67.22
2023-11-01 06:30:00+01:00,104.3
2023-11-01 06:45:00+01:00,105.01
2023-11-01 07:00:00+01:00,67.84
2023-11-01 07:15:00+01:00,74.34
2023-11-01 07:30:00+01:00,103.07
2023-11-01 07:45:00+01:00,104.3
2023-11-01 08:00:00+01:00,104.3
2023-11-01 08:15:00+01:00,70.45
2023-11-01 08:30:00+01:00,70.43
2023-11-01 08:45:00+01:00,65.21
2023-11-01 09:00:00+01:00,104.3
2023-11-01 09:15:00+01:00,59.85
2023-11-01 09:30:00+01:00,57.07
2023-11-01 09:45:00+01:00,35.11
2023-11-01 10:00:00+01:00,57.8
2023-11-01 10:15:00+01:00,50.05
2023-11-01 10:30:00+01:00,34.56
2023-11-01 10:45:00+01:00,45.06
2023-11-01 11:00:00+01:00,80.05
2023-11-01 11:15:00+01:00,50.48
2023-11-01 11:30:00+01:00,43.95
2023-11-01 11:45:00+01:00,-20.82
2023-11-01 12:00:00+01:00,77.3
2023-11-01 12:15:00+01:00,58.8
2023-11-01 12:30:00+01:00,42.02
2023-11-01 12:45:00+01:00,-33.93
2023-11-01 13:00:00+01:00,40.06
2023-11-01 13:15:00+01:00,37.74
2023-11-01 13:30:00+01:00,24.42
2023-11-01 13:45:00+01:00,37.12
2023-11-01 14:00:00+01:00,27.5
2023-11-01 14:15:00+01:00,38.92
2023-11-01 14:30:00+01:00,44.12
2023-11-01 14:45:00+01:00,91.38
2023-11-01 15:00:00+01:00,22.59
2023-11-01 15:15:00+01:00,53.3
2023-11-01 15:30:00+01:00,90.04
2023-11-01 15:45:00+01:00,106.47
2023-11-01 16:00:00+01:00,5.05
2023-11-01 16:15:00+01:00,63.35
2023-11-01 16:30:00+01:00,104.3
2023-11-01 16:45:00+01:00,127.57
2023-11-01 17:00:00+01:00,67.59
2023-11-01 17:15:00+01:00,92.55
2023-11-01 17:30:00+01:00,104.3
2023-11-01 17:45:00+01:00,109.92
2023-11-01 18:00:00+01:00,97.12
2023-11-01 18:15:00+01:00,91.37
2023-11-01 18:30:00+01:00,93.87
2023-11-01 18:45:00+01:00,90.01
2023-11-01 19:00:00+01:00,104.3
2023-11-01 19:15:00+01:00,102.54
2023-11-01 19:30:00+01:00,77.56
2023-11-01 19:45:00+01:00,65.04
2023-11-01 20:00:00+01:00,114.91
2023-11-01 20:15:00+01:00,104.3
2023-11-01 20:30:00+01:00,57.59
2023-11-01 20:45:00+01:00,30.75
2023-11-01 21:00:00+01:00,104.3
2023-11-01 21:15:00+01:00,79.3
2023-11-01 21:30:00+01:00,48.04
2023-11-01 21:45:00+01:00,16.51
2023-11-01 22:00:00+01:00,95.08
2023-11-01 22:15:00+01:00,79.3
2023-11-01 22:30:00+01:00,41.26
2023-11-01 22:45:00+01:00,20.76
2023-11-01 23:00:00+01:00,100.0
2023-11-01 23:15:00+01:00,57.55
2023-11-01 23:30:00+01:00,30.81
2023-11-01 23:45:00+01:00,-4.25
2023-11-02 00:00:00+01:00,31.77
2023-11-02 00:15:00+01:00,30.21
2023-11-02 00:30:00+01:00,25.09
2023-11-02 00:45:00+01:00,15.02
2023-11-02 01:00:00+01:00,27.42
2023-11-02 01:15:00+01:00,26.19
2023-11-02 01:30:00+01:00,24.79
2023-11-02 01:45:00+01:00,1.45
2023-11-02 02:00:00+01:00,21.48
2023-11-02 02:15:00+01:00,19.79
2023-11-02 02:30:00+01:00,-1.61
2023-11-02 02:45:00+01:00,20.26
2023-11-02 03:00:00+01:00,19.84
2023-11-02 03:15:00+01:00,-10.84
2023-11-02 03:30:00+01:00,20.26
2023-11-02 03:45:00+01:00,20.75
2023-11-02 04:00:00+01:00,-12.25
2023-11-02 04:15:00+01:00,22.28
2023-11-02 04:30:00+01:00,24.74
2023-11-02 04:45:00+01:00,54.83
2023-11-02 05:00:00+01:00,5.06
2023-11-02 05:15:00+01:00,35.58
2023-11-02 05:30:00+01:00,79.83
2023-11-02 05:45:00+01:00,90.52
2023-11-02 06:00:00+01:00,42.5
2023-11-02 06:15:00+01:00,60.07
2023-11-02 06:30:00+01:00,83.22
2023-11-02 06:45:00+01:00,110.01
2023-11-02 07:00:00+01:00,79.83
2023-11-02 07:15:00+01:00,79.83
2023-11-02 07:30:00+01:00,85.0
2023-11-02 07:45:00+01:00,95.62
2023-11-02 08:00:00+01:00,97.06
2023-11-02 08:15:00+01:00,85.04
2023-11-02 08:30:00+01:00,79.83
2023-11-02 08:45:00+01:00,70.08
2023-11-02 09:00:00+01:00,84.68
2023-11-02 09:15:00+01:00,80.84
2023-11-02 09:30:00+01:00,64.45
2023-11-02 09:45:00+01:00,54.83
2023-11-02 10:00:00+01:00,80.84
2023-11-02 10:15:00+01:00,80.0
2023-11-02 10:30:00+01:00,57.09
2023-11-02 10:45:00+01:00,53.11
2023-11-02 11:00:00+01:00,75.0
2023-11-02 11:15:00+01:00,62.08
2023-11-02 11:30:00+01:00,60.0
2023-11-02 11:45:00+01:00,55.0
2023-11-02 12:00:00+01:00,55.0
2023-11-02 12:15:00+01:00,54.83
2023-11-02 12:30:00+01:00,54.83
2023-11-02 12:45:00+01:00,62.5
2023-11-02 13:00:00+01:00,57.45
2023-11-02 13:15:00+01:00,66.15
2023-11-02 13:30:00+01:00,65.0
2023-11-02 13:45:00+01:00,75.0
2023-11-02 14:00:00+01:00,63.57
2023-11-02 14:15:00+01:00,69.99
2023-11-02 14:30:00+01:00,80.84
2023-11-02 14:45:00+01:00,82.28
2023-11-02 15:00:00+01:00,60.0
2023-11-02 15:15:00+01:00,75.0
2023-11-02 15:30:00+01:00,80.84
2023-11-02 15:45:00+01:00,97.54
2023-11-02 16:00:00+01:00,65.62
2023-11-02 16:15:00+01:00,73.52
2023-11-02 16:30:00+01:00,87.58
2023-11-02 16:45:00+01:00,110.05
2023-11-02 17:00:00+01:00,90.0
2023-11-02 17:15:00+01:00,114.99
2023-11-02 17:30:00+01:00,142.47
2023-11-02 17:45:00+01:00,123.33
2023-11-02 18:00:00+01:00,129.96
2023-11-02 18:15:00+01:00,136.54
2023-11-02 18:30:00+01:00,114.96
2023-11-02 18:45:00+01:00,94.27
2023-11-02 19:00:00+01:00,129.9
2023-11-02 19:15:00+01:00,104.83
2023-11-02 19:30:00+01:00,91.47
2023-11-02 19:45:00+01:00,75.0
2023-11-02 20:00:00+01:00,107.79
2023-11-02 20:15:00+01:00,85.07
2023-11-02 20:30:00+01:00,77.5
2023-11-02 20:45:00+01:00,66.42
2023-11-02 21:00:00+01:00,90.04
2023-11-02 21:15:00+01:00,79.83
2023-11-02 21:30:00+01:00,66.51
2023-11-02 21:45:00+01:00,50.0
2023-11-02 22:00:00+01:00,79.83
2023-11-02 22:15:00+01:00,77.5
2023-11-02 22:30:00+01:00,54.83
2023-11-02 22:45:00+01:00,42.4
2023-11-02 23:00:00+01:00,67.55
2023-11-02 23:15:00+01:00,50.05
2023-11-02 23:30:00+01:00,35.01
2023-11-02 23:45:00+01:00,19.62
2023-11-03 00:00:00+01:00,48.65
2023-11-03 00:15:00+01:00,45.78
2023-11-03 00:30:00+01:00,25.04
2023-11-03 00:45:00+01:00,10.06
2023-11-03 01:00:00+01:00,46.61
2023-11-03 01:15:00+01:00,32.54
2023-11-03 01:30:00+01:00,20.78
2023-11-03 01:45:00+01:00,4.9
2023-11-03 02:00:00+01:00,31.53
2023-11-03 02:15:00+01:00,23.66
2023-11-03 02:30:00+01:00,10.1
2023-11-03 02:45:00+01:00,20.78
2023-11-03 03:00:00+01:00,2.58
2023-11-03 03:15:00+01:00,17.81
2023-11-03 03:30:00+01:00,20.78
2023-11-03 03:45:00+01:00,35.03
2023-11-03 04:00:00+01:00,-42.71
2023-11-03 04:15:00+01:00,27.51
2023-11-03 04:30:00+01:00,45.78
2023-11-03 04:45:00+01:00,46.79
2023-11-03 05:00:00+01:00,-95.7
2023-11-03 05:15:00+01:00,44.59
2023-11-03 05:30:00+01:00,70.78
2023-11-03 05:45:00+01:00,135.0
2023-11-03 06:00:00+01:00,10.87
2023-11-03 06:15:00+01:00,52.69
2023-11-03 06:30:00+01:00,121.4
2023-11-03 06:45:00+01:00,140.0
2023-11-03 07:00:00+01:00,48.95
2023-11-03 07:15:00+01:00,95.05
2023-11-03 07:30:00+01:00,119.9
2023-11-03 07:45:00+01:00,128.9
2023-11-03 08:00:00+01:00,90.8
2023-11-03 08:15:00+01:00,112.57
2023-11-03 08:30:00+01:00,102.52
2023-11-03 08:45:00+01:00,85.0
2023-11-03 09:00:00+01:00,96.79
2023-11-03 09:15:00+01:00,92.54
2023-11-03 09:30:00+01:00,95.03
2023-11-03 09:45:00+01:00,80.03
2023-11-03 10:00:00+01:00,80.54
2023-11-03 10:15:00+01:00,90.54
2023-11-03 10:30:00+01:00,90.01
2023-11-03 10:45:00+01:00,70.01
2023-11-03 11:00:00+01:00,91.21
2023-11-03 11:15:00+01:00,95.0
2023-11-03 11:30:00+01:00,75.21
2023-11-03 11:45:00+01:00,46.79
2023-11-03 12:00:00+01:00,105.0
2023-11-03 12:15:00+01:00,85.0
2023-11-03 12:30:00+01:00,60.3
2023-11-03 12:45:00+01:00,46.79
2023-11-03 13:00:00+01:00,97.47
2023-11-03 13:15:00+01:00,92.03
2023-11-03 13:30:00+01:00,75.08
2023-11-03 13:45:00+01:00,46.79
2023-11-03 14:00:00+01:00,70.78
2023-11-03 14:15:00+01:00,70.78
2023-11-03 14:30:00+01:00,81.74
2023-11-03 14:45:00+01:00,88.24
2023-11-03 15:00:00+01:00,72.53
2023-11-03 15:15:00+01:00,80.51
2023-11-03 15:30:00+01:00,105.01
2023-11-03 15:45:00+01:00,107.58
2023-11-03 16:00:00+01:00,70.78
2023-11-03 16:15:00+01:00,75.02
2023-11-03 16:30:00+01:00,119.38
2023-11-03 16:45:00+01:00,135.01
2023-11-03 17:00:00+01:00,81.28
2023-11-03 17:15:00+01:00,104.77
2023-11-03 17:30:00+01:00,115.08
2023-11-03 17:45:00+01:00,115.07
2023-11-03 18:00:00+01:00,134.45
2023-11-03 18:15:00+01:00,120.08
2023-11-03 18:30:00+01:00,107.52
2023-11-03 18:45:00+01:00,75.99
2023-11-03 19:00:00+01:00,140.0
2023-11-03 19:15:00+01:00,123.34
2023-11-03 19:30:00+01:00,75.7
2023-11-03 19:45:00+01:00,48.7
2023-11-03 20:00:00+01:00,139.9
2023-11-03 20:15:00+01:00,101.42
2023-11-03 20:30:00+01:00,50.52
2023-11-03 20:45:00+01:00,45.78
2023-11-03 21:00:00+01:00,119.28
2023-11-03 21:15:00+01:00,87.29
2023-11-03 21:30:00+01:00,45.78
2023-11-03 21:45:00+01:00,27.28
2023-11-03 22:00:00+01:00,107.59
2023-11-03 22:15:00+01:00,82.59
2023-11-03 22:30:00+01:00,45.78
2023-11-03 22:45:00+01:00,36.43
2023-11-03 23:00:00+01:00,80.03
2023-11-03 23:15:00+01:00,45.78
2023-11-03 23:30:00+01:00,34.35
2023-11-03 23:45:00+01:00,13.29
2023-11-04 00:00:00+01:00,48.62
2023-11-04 00:15:00+01:00,42.56
2023-11-04 00:30:00+01:00,33.22
2023-11-04 00:45:00+01:00,31.7
2023-11-04 01:00:00+01:00,42.84
2023-11-04 01:15:00+01:00,24.03
2023-11-04 01:30:00+01:00,17.84
2023-11-04 01:45:00+01:00,12.38
2023-11-04 02:00:00+01:00,26.38
2023-11-04 02:15:00+01:00,18.72
2023-11-04 02:30:00+01:00,19.07
2023-11-04 02:45:00+01:00,18.37
2023-11-04 03:00:00+01:00,17.84
2023-11-04 03:15:00+01:00,15.62
2023-11-04 03:30:00+01:00,17.84
2023-11-04 03:45:00+01:00,17.84
2023-11-04 04:00:00+01:00,12.56
2023-11-04 04:15:00+01:00,17.84
2023-11-04 04:30:00+01:00,16.0
2023-11-04 04:45:00+01:00,35.14
2023-11-04 05:00:00+01:00,11.8
2023-11-04 05:15:00+01:00,16.07
2023-11-04 05:30:00+01:00,42.84
2023-11-04 05:45:00+01:00,43.85
2023-11-04 06:00:00+01:00,17.06
2023-11-04 06:15:00+01:00,36.54
2023-11-04 06:30:00+01:00,45.16
2023-11-04 06:45:00+01:00,46.0
2023-11-04 07:00:00+01:00,23.66
2023-11-04 07:15:00+01:00,42.84
2023-11-04 07:30:00+01:00,61.72
2023-11-04 07:45:00+01:00,72.0
2023-11-04 08:00:00+01:00,42.84
2023-11-04 08:15:00+01:00,42.84
2023-11-04 08:30:00+01:00,57.52
2023-11-04 08:45:00+01:00,42.84
2023-11-04 09:00:00+01:00,76.0
2023-11-04 09:15:00+01:00,58.16
2023-11-04 09:30:00+01:00,42.84
2023-11-04 09:45:00+01:00,23.07
2023-11-04 10:00:00+01:00,42.84
2023-11-04 10:15:00+01:00,37.61
2023-11-04 10:30:00+01:00,18.91
2023-11-04 10:45:00+01:00,13.05
2023-11-04 11:00:00+01:00,42.84
2023-11-04 11:15:00+01:00,30.36
2023-11-04 11:30:00+01:00,11.93
2023-11-04 11:45:00+01:00,-3.13
2023-11-04 12:00:00+01:00,42.84
2023-11-04 12:15:00+01:00,35.09
2023-11-04 12:30:00+01:00,9.61
2023-11-04 12:45:00+01:00,-3.52
2023-11-04 13:00:00+01:00,42.84
2023-11-04 13:15:00+01:00,25.02
2023-11-04 13:30:00+01:00,17.84
2023-11-04 13:45:00+01:00,7.98
2023-11-04 14:00:00+01:00,20.0
2023-11-04 14:15:00+01:00,25.06
2023-11-04 14:30:00+01:00,35.71
2023-11-04 14:45:00+01:00,42.84
2023-11-04 15:00:00+01:00,20.04
2023-11-04 15:15:00+01:00,42.84
2023-11-04 15:30:00+01:00,52.55
2023-11-04 15:45:00+01:00,84.77
2023-11-04 16:00:00+01:00,20.0
2023-11-04 16:15:00+01:00,31.84
2023-11-04 16:30:00+01:00,74.0
2023-11-04 16:45:00+01:00,118.69
2023-11-04 17:00:00+01:00,42.84
2023-11-04 17:15:00+01:00,67.84
2023-11-04 17:30:00+01:00,70.67
2023-11-04 17:45:00+01:00,79.9
2023-11-04 18:00:00+01:00,80.0
2023-11-04 18:15:00+01:00,67.84
2023-11-04 18:30:00+01:00,46.53
2023-11-04 18:45:00+01:00,42.84
2023-11-04 19:00:00+01:00,80.01
2023-11-04 19:15:00+01:00,62.59
2023-11-04 19:30:00+01:00,42.84
2023-11-04 19:45:00+01:00,25.19
2023-11-04 20:00:00+01:00,70.08
2023-11-04 20:15:00+01:00,48.87
2023-11-04 20:30:00+01:00,22.57
2023-11-04 20:45:00+01:00,-1.84
2023-11-04 21:00:00+01:00,43.85
2023-11-04 21:15:00+01:00,42.84
2023-11-04 21:30:00+01:00,17.5
2023-11-04 21:45:00+01:00,-9.53
2023-11-04 22:00:00+01:00,43.85
2023-11-04 22:15:00+01:00,29.68
2023-11-04 22:30:00+01:00,10.0
2023-11-04 22:45:00+01:00,-6.93
2023-11-04 23:00:00+01:00,43.85
2023-11-04 23:15:00+01:00,25.04
2023-11-04 23:30:00+01:00,0.75
2023-11-04 23:45:00+01:00,-16.24
2023-11-05 00:00:00+01:00,35.08
2023-11-05 00:15:00+01:00,24.85
2023-11-05 00:30:00+01:00,-4.45
2023-11-05 00:45:00+01:00,-5.16
2023-11-05 01:00:00+01:00,32.58
2023-11-05 01:15:00+01:00,4.1
2023-11-05 01:30:00+01:00,-5.86
2023-11-05 01:45:00+01:00,-9.38
2023-11-05 02:00:00+01:00,30.01
2023-11-05 02:15:00+01:00,20.12
2023-11-05 02:30:00+01:00,-6.12
2023-11-05 02:45:00+01:00,-6.38
2023-11-05 03:00:00+01:00,27.46
2023-11-05 03:15:00+01:00,2.12
2023-11-05 03:30:00+01:00,-9.02
2023-11-05 03:45:00+01:00,-9.53
2023-11-05 04:00:00+01:00,0.91
2023-11-05 04:15:00+01:00,2.52
2023-11-05 04:30:00+01:00,2.59
2023-11-05 04:45:00+01:00,10.81
2023-11-05 05:00:00+01:00,-3.98
2023-11-05 05:15:00+01:00,0.41
2023-11-05 05:30:00+01:00,5.09
2023-11-05 05:45:00+01:00,26.0
2023-11-05 06:00:00+01:00,-5.55
2023-11-05 06:15:00+01:00,4.0
2023-11-05 06:30:00+01:00,17.9
2023-11-05 06:45:00+01:00,34.0
2023-11-05 07:00:00+01:00,-0.61
2023-11-05 07:15:00+01:00,6.44
2023-11-05 07:30:00+01:00,30.0
2023-11-05 07:45:00+01:00,35.81
2023-11-05 08:00:00+01:00,12.05
2023-11-05 08:15:00+01:00,14.0
2023-11-05 08:30:00+01:00,18.05
2023-11-05 08:45:00+01:00,22.55
2023-11-05 09:00:00+01:00,18.0
2023-11-05 09:15:00+01:00,18.0
2023-11-05 09:30:00+01:00,22.23
2023-11-05 09:45:00+01:00,30.02
2023-11-05 10:00:00+01:00,36.82
2023-11-05 10:15:00+01:00,16.38
2023-11-05 10:30:00+01:00,16.66
2023-11-05 10:45:00+01:00,16.38
2023-11-05 11:00:00+01:00,35.81
2023-11-05 11:15:00+01:00,34.4
2023-11-05 11:30:00+01:00,10.81
2023-11-05 11:45:00+01:00,10.0
2023-11-05 12:00:00+01:00,35.81
2023-11-05 12:15:00+01:00,35.81
2023-11-05 12:30:00+01:00,18.7
2023-11-05 12:45:00+01:00,10.0
2023-11-05 13:00:00+01:00,35.81
2023-11-05 13:15:00+01:00,28.09
2023-11-05 13:30:00+01:00,10.81
2023-11-05 13:45:00+01:00,8.36
2023-11-05 14:00:00+01:00,30.01
2023-11-05 14:15:00+01:00,27.59
2023-11-05 14:30:00+01:00,31.57
2023-11-05 14:45:00+01:00,20.0
2023-11-05 15:00:00+01:00,20.11
2023-11-05 15:15:00+01:00,33.46
2023-11-05 15:30:00+01:00,44.57
2023-11-05 15:45:00+01:00,60.81
2023-11-05 16:00:00+01:00,28.21
2023-11-05 16:15:00+01:00,40.03
2023-11-05 16:30:00+01:00,69.55
2023-11-05 16:45:00+01:00,107.5
2023-11-05 17:00:00+01:00,39.65
2023-11-05 17:15:00+01:00,70.0
2023-11-05 17:30:00+01:00,82.27
2023-11-05 17:45:00+01:00,80.07
2023-11-05 18:00:00+01:00,72.52
2023-11-05 18:15:00+01:00,74.03
2023-11-05 18:30:00+01:00,60.81
2023-11-05 18:45:00+01:00,56.84
2023-11-05 19:00:00+01:00,77.55
2023-11-05 19:15:00+01:00,72.51
2023-11-05 19:30:00+01:00,60.81
2023-11-05 19:45:00+01:00,35.81
2023-11-05 20:00:00+01:00,72.0
2023-11-05 20:15:00+01:00,60.81
2023-11-05 20:30:00+01:00,35.81
2023-11-05 20:45:00+01:00,30.01
2023-11-05 21:00:00+01:00,41.95
2023-11-05 21:15:00+01:00,36.82
2023-11-05 21:30:00+01:00,20.0
2023-11-05 21:45:00+01:00,20.65
2023-11-05 22:00:00+01:00,36.82
2023-11-05 22:15:00+01:00,36.82
2023-11-05 22:30:00+01:00,10.81
2023-11-05 22:45:00+01:00,9.91
2023-11-05 23:00:00+01:00,36.82
2023-11-05 23:15:00+01:00,25.0
2023-11-05 23:30:00+01:00,0.38
2023-11-05 23:45:00+01:00,-7.9
2023-11-06 00:00:00+01:00,40.03
2023-11-06 00:15:00+01:00,34.0
2023-11-06 00:30:00+01:00,7.18
2023-11-06 00:45:00+01:00,1.68
2023-11-06 01:00:00+01:00,35.03
2023-11-06 01:15:00+01:00,23.06
2023-11-06 01:30:00+01:00,11.44
2023-11-06 01:45:00+01:00,5.02
2023-11-06 02:00:00+01:00,24.0
2023-11-06 02:15:00+01:00,23.06
2023-11-06 02:30:00+01:00,6.94
2023-11-06 02:45:00+01:00,20.0
2023-11-06 03:00:00+01:00,15.09
2023-11-06 03:15:00+01:00,18.65
2023-11-06 03:30:00+01:00,20.03
2023-11-06 03:45:00+01:00,22.0
2023-11-06 04:00:00+01:00,-1.23
2023-11-06 04:15:00+01:00,5.02
2023-11-06 04:30:00+01:00,15.07
2023-11-06 04:45:00+01:00,35.1
2023-11-06 05:00:00+01:00,-36.89
2023-11-06 05:15:00+01:00,17.17
2023-11-06 05:30:00+01:00,47.81
2023-11-06 05:45:00+01:00,85.03
2023-11-06 06:00:00+01:00,3.05
2023-11-06 06:15:00+01:00,47.19
2023-11-06 06:30:00+01:00,90.07
2023-11-06 06:45:00+01:00,123.64
2023-11-06 07:00:00+01:00,60.08
2023-11-06 07:15:00+01:00,90.02
2023-11-06 07:30:00+01:00,94.99
2023-11-06 07:45:00+01:00,95.01
2023-11-06 08:00:00+01:00,120.1
2023-11-06 08:15:00+01:00,110.0
2023-11-06 08:30:00+01:00,85.02
2023-11-06 08:45:00+01:00,60.0
2023-11-06 09:00:00+01:00,104.87
2023-11-06 09:15:00+01:00,73.56
2023-11-06 09:30:00+01:00,53.91
2023-11-06 09:45:00+01:00,48.06
2023-11-06 10:00:00+01:00,78.06
2023-11-06 10:15:00+01:00,72.02
2023-11-06 10:30:00+01:00,49.07
2023-11-06 10:45:00+01:00,48.06
2023-11-06 11:00:00+01:00,51.27
2023-11-06 11:15:00+01:00,49.07
2023-11-06 11:30:00+01:00,53.19
2023-11-06 11:45:00+01:00,52.47
2023-11-06 12:00:00+01:00,48.06
2023-11-06 12:15:00+01:00,48.06
2023-11-06 12:30:00+01:00,49.07
2023-11-06 12:45:00+01:00,49.07
2023-11-06 13:00:00+01:00,49.07
2023-11-06 13:15:00+01:00,55.0
2023-11-06 13:30:00+01:00,48.06
2023-11-06 13:45:00+01:00,48.06
2023-11-06 14:00:00+01:00,47.55
2023-11-06 14:15:00+01:00,48.06
2023-11-06 14:30:00+01:00,48.51
2023-11-06 14:45:00+01:00,73.06
2023-11-06 15:00:00+01:00,47.18
2023-11-06 15:15:00+01:00,70.01
2023-11-06 15:30:00+01:00,73.06
2023-11-06 15:45:00+01:00,75.76
2023-11-06 16:00:00+01:00,50.09
2023-11-06 16:15:00+01:00,73.06
2023-11-06 16:30:00+01:00,105.38
2023-11-06 16:45:00+01:00,121.87
2023-11-06 17:00:00+01:00,78.56
2023-11-06 17:15:00+01:00,114.25
2023-11-06 17:30:00+01:00,118.0
2023-11-06 17:45:00+01:00,118.0
2023-11-06 18:00:00+01:00,118.0
2023-11-06 18:15:00+01:00,95.09
2023-11-06 18:30:00+01:00,112.8
2023-11-06 18:45:00+01:00,83.09
2023-11-06 19:00:00+01:00,139.14
2023-11-06 19:15:00+01:00,130.47
2023-11-06 19:30:00+01:00,110.02
2023-11-06 19:45:00+01:00,66.54
2023-11-06 20:00:00+01:00,135.89
2023-11-06 20:15:00+01:00,104.0
2023-11-06 20:30:00+01:00,48.06
2023-11-06 20:45:00+01:00,45.13
2023-11-06 21:00:00+01:00,119.51
2023-11-06 21:15:00+01:00,81.91
2023-11-06 21:30:00+01:00,48.06
2023-11-06 21:45:00+01:00,46.52
2023-11-06 22:00:00+01:00,90.0
2023-11-06 22:15:00+01:00,83.07
2023-11-06 22:30:00+01:00,48.06
2023-11-06 22:45:00+01:00,48.06
2023-11-06 23:00:00+01:00,85.32
2023-11-06 23:15:00+01:00,54.95
2023-11-06 23:30:00+01:00,46.94
2023-11-06 23:45:00+01:00,43.61
2023-11-07 00:00:00+01:00,94.03
2023-11-07 00:15:00+01:00,74.0
2023-11-07 00:30:00+01:00,59.51
2023-11-07 00:45:00+01:00,50.01
2023-11-07 01:00:00+01:00,90.43
2023-11-07 01:15:00+01:00,68.02
2023-11-07 01:30:00+01:00,55.06
2023-11-07 01:45:00+01:00,46.02
2023-11-07 02:00:00+01:00,79.29
2023-11-07 02:15:00+01:00,60.09
2023-11-07 02:30:00+01:00,55.02
2023-11-07 02:45:00+01:00,54.0
2023-11-07 03:00:00+01:00,56.54
2023-11-07 03:15:00+01:00,60.0
2023-11-07 03:30:00+01:00,60.0
2023-11-07 03:45:00+01:00,60.0
2023-11-07 04:00:00+01:00,41.14
2023-11-07 04:15:00+01:00,47.32
2023-11-07 04:30:00+01:00,60.09
2023-11-07 04:45:00+01:00,94.03
2023-11-07 05:00:00+01:00,22.53
2023-11-07 05:15:00+01:00,59.22
2023-11-07 05:30:00+01:00,94.9
2023-11-07 05:45:00+01:00,135.0
2023-11-07 06:00:00+01:00,43.44
2023-11-07 06:15:00+01:00,94.03
2023-11-07 06:30:00+01:00,125.05
2023-11-07 06:45:00+01:00,155.04
2023-11-07 07:00:00+01:00,105.05
2023-11-07 07:15:00+01:00,122.54
2023-11-07 07:30:00+01:00,135.05
2023-11-07 07:45:00+01:00,136.1
2023-11-07 08:00:00+01:00,137.52
2023-11-07 08:15:00+01:00,120.02
2023-11-07 08:30:00+01:00,118.02
2023-11-07 08:45:00+01:00,97.68
2023-11-07 09:00:00+01:00,120.07
2023-11-07 09:15:00+01:00,118.0
2023-11-07 09:30:00+01:00,95.03
2023-11-07 09:45:00+01:00,93.02
2023-11-07 10:00:00+01:00,95.0
2023-11-07 10:15:00+01:00,95.0
2023-11-07 10:30:00+01:00,94.03
2023-11-07 10:45:00+01:00,86.77
2023-11-07 11:00:00+01:00,95.0
2023-11-07 11:15:00+01:00,95.0
2023-11-07 11:30:00+01:00,94.03
2023-11-07 11:45:00+01:00,73.98
2023-11-07 12:00:00+01:00,95.0
2023-11-07 12:15:00+01:00,90.0
2023-11-07 12:30:00+01:00,81.59
2023-11-07 12:45:00+01:00,90.1
2023-11-07 13:00:00+01:00,94.03
2023-11-07 13:15:00+01:00,92.6
2023-11-07 13:30:00+01:00,94.03
2023-11-07 13:45:00+01:00,78.55
2023-11-07 14:00:00+01:00,89.94
2023-11-07 14:15:00+01:00,93.02
2023-11-07 14:30:00+01:00,98.6
2023-11-07 14:45:00+01:00,118.0
2023-11-07 15:00:00+01:00,93.02
2023-11-07 15:15:00+01:00,105.08
2023-11-07 15:30:00+01:00,122.54
2023-11-07 15:45:00+01:00,134.0
2023-11-07 16:00:00+01:00,94.03
2023-11-07 16:15:00+01:00,112.63
2023-11-07 16:30:00+01:00,146.03
2023-11-07 16:45:00+01:00,159.8
2023-11-07 17:00:00+01:00,124.63
2023-11-07 17:15:00+01:00,140.01
2023-11-07 17:30:00+01:00,147.51
2023-11-07 17:45:00+01:00,147.5
2023-11-07 18:00:00+01:00,164.91
2023-11-07 18:15:00+01:00,150.06
2023-11-07 18:30:00+01:00,147.19
2023-11-07 18:45:00+01:00,135.04
2023-11-07 19:00:00+01:00,165.09
2023-11-07 19:15:00+01:00,153.95
2023-11-07 19:30:00+01:00,135.1
2023-11-07 19:45:00+01:00,102.93
2023-11-07 20:00:00+01:00,157.54
2023-11-07 20:15:00+01:00,133.7
2023-11-07 20:30:00+01:00,105.01
2023-11-07 20:45:00+01:00,83.61
2023-11-07 21:00:00+01:00,137.35
2023-11-07 21:15:00+01:00,118.02
2023-11-07 21:30:00+01:00,93.02
2023-11-07 21:45:00+01:00,73.18
2023-11-07 22:00:00+01:00,116.0
2023-11-07 22:15:00+01:00,105.03
2023-11-07 22:30:00+01:00,94.03
2023-11-07 22:45:00+01:00,76.54
2023-11-07 23:00:00+01:00,115.63
2023-11-07 23:15:00+01:00,94.9
2023-11-07 23:30:00+01:00,68.02
2023-11-07 23:45:00+01:00,47.52
2023-11-08 00:00:00+01:00,97.18
2023-11-08 00:15:00+01:00,80.0
2023-11-08 00:30:00+01:00,55.07
2023-11-08 00:45:00+01:00,51.88
2023-11-08 01:00:00+01:00,89.95
2023-11-08 01:15:00+01:00,69.74
2023-11-08 01:30:00+01:00,58.74
2023-11-08 01:45:00+01:00,41.08
2023-11-08 02:00:00+01:00,79.64
2023-11-08 02:15:00+01:00,60.0
2023-11-08 02:30:00+01:00,61.1
2023-11-08 02:45:00+01:00,52.0
2023-11-08 03:00:00+01:00,59.16
2023-11-08 03:15:00+01:00,52.5
2023-11-08 03:30:00+01:00,52.5
2023-11-08 03:45:00+01:00,59.05
2023-11-08 04:00:00+01:00,36.57
2023-11-08 04:15:00+01:00,44.9
2023-11-08 04:30:00+01:00,60.56
2023-11-08 04:45:00+01:00,97.1
2023-11-08 05:00:00+01:00,2.57
2023-11-08 05:15:00+01:00,49.41
2023-11-08 05:30:00+01:00,97.18
2023-11-08 05:45:00+01:00,132.42
2023-11-08 06:00:00+01:00,28.1
2023-11-08 06:15:00+01:00,97.18
2023-11-08 06:30:00+01:00,132.08
2023-11-08 06:45:00+01:00,147.17
2023-11-08 07:00:00+01:00,106.01
2023-11-08 07:15:00+01:00,122.0
2023-11-08 07:30:00+01:00,127.4
2023-11-08 07:45:00+01:00,122.0
2023-11-08 08:00:00+01:00,127.79
2023-11-08 08:15:00+01:00,122.5
2023-11-08 08:30:00+01:00,119.9
2023-11-08 08:45:00+01:00,96.17
2023-11-08 09:00:00+01:00,115.08
2023-11-08 09:15:00+01:00,105.0
2023-11-08 09:30:00+01:00,96.17
2023-11-08 09:45:00+01:00,81.83
2023-11-08 10:00:00+01:00,105.0
2023-11-08 10:15:00+01:00,97.5
2023-11-08 10:30:00+01:00,82.6
2023-11-08 10:45:00+01:00,70.5
2023-11-08 11:00:00+01:00,96.17
2023-11-08 11:15:00+01:00,88.0
2023-11-08 11:30:00+01:00,67.17
2023-11-08 11:45:00+01:00,66.67
2023-11-08 12:00:00+01:00,92.6
2023-11-08 12:15:00+01:00,65.88
2023-11-08 12:30:00+01:00,62.95
2023-11-08 12:45:00+01:00,75.0
2023-11-08 13:00:00+01:00,71.17
2023-11-08 13:15:00+01:00,80.0
2023-11-08 13:30:00+01:00,80.64
2023-11-08 13:45:00+01:00,66.6
2023-11-08 14:00:00+01:00,63.05
2023-11-08 14:15:00+01:00,71.17
2023-11-08 14:30:00+01:00,97.18
2023-11-08 14:45:00+01:00,105.0
2023-11-08 15:00:00+01:00,85.31
2023-11-08 15:15:00+01:00,96.17
2023-11-08 15:30:00+01:00,112.0
2023-11-08 15:45:00+01:00,121.95
2023-11-08 16:00:00+01:00,95.0
2023-11-08 16:15:00+01:00,106.93
2023-11-08 16:30:00+01:00,126.0
2023-11-08 16:45:00+01:00,140.06
2023-11-08 17:00:00+01:00,124.81
2023-11-08 17:15:00+01:00,135.0
2023-11-08 17:30:00+01:00,142.5
2023-11-08 17:45:00+01:00,146.0
2023-11-08 18:00:00+01:00,148.0
2023-11-08 18:15:00+01:00,145.41
2023-11-08 18:30:00+01:00,142.34
2023-11-08 18:45:00+01:00,134.9
2023-11-08 19:00:00+01:00,157.53
2023-11-08 19:15:00+01:00,137.58
2023-11-08 19:30:00+01:00,120.82
2023-11-08 19:45:00+01:00,96.17
2023-11-08 20:00:00+01:00,140.65
2023-11-08 20:15:00+01:00,120.06
2023-11-08 20:30:00+01:00,97.4
2023-11-08 20:45:00+01:00,75.09
2023-11-08 21:00:00+01:00,122.51
2023-11-08 21:15:00+01:00,105.0
2023-11-08 21:30:00+01:00,96.17
2023-11-08 21:45:00+01:00,68.07
2023-11-08 22:00:00+01:00,105.0
2023-11-08 22:15:00+01:00,105.0
2023-11-08 22:30:00+01:00,92.4
2023-11-08 22:45:00+01:00,65.7
2023-11-08 23:00:00+01:00,107.98
2023-11-08 23:15:00+01:00,96.17
2023-11-08 23:30:00+01:00,71.17
2023-11-08 23:45:00+01:00,53.86
2023-11-09 00:00:00+01:00,92.5
2023-11-09 00:15:00+01:00,85.52
2023-11-09 00:30:00+01:00,61.42
2023-11-09 00:45:00+01:00,52.57
2023-11-09 01:00:00+01:00,92.5
2023-11-09 01:15:00+01:00,80.0
2023-11-09 01:30:00+01:00,66.46
2023-11-09 01:45:00+01:00,55.03
2023-11-09 02:00:00+01:00,85.0
2023-11-09 02:15:00+01:00,79.9
2023-11-09 02:30:00+01:00,73.72
2023-11-09 02:45:00+01:00,55.08
2023-11-09 03:00:00+01:00,77.4
2023-11-09 03:15:00+01:00,65.67
2023-11-09 03:30:00+01:00,72.0
2023-11-09 03:45:00+01:00,75.63
2023-11-09 04:00:00+01:00,52.85
2023-11-09 04:15:00+01:00,60.09
2023-11-09 04:30:00+01:00,85.0
2023-11-09 04:45:00+01:00,109.01
2023-11-09 05:00:00+01:00,26.26
2023-11-09 05:15:00+01:00,66.65
2023-11-09 05:30:00+01:00,105.0
2023-11-09 05:45:00+01:00,138.42
2023-11-09 06:00:00+01:00,47.51
2023-11-09 06:15:00+01:00,104.9
2023-11-09 06:30:00+01:00,127.51
2023-11-09 06:45:00+01:00,148.49
2023-11-09 07:00:00+01:00,117.5
2023-11-09 07:15:00+01:00,127.82
2023-11-09 07:30:00+01:00,132.57
2023-11-09 07:45:00+01:00,132.5
2023-11-09 08:00:00+01:00,141.32
2023-11-09 08:15:00+01:00,132.57
2023-11-09 08:30:00+01:00,117.5
2023-11-09 08:45:00+01:00,117.36
2023-11-09 09:00:00+01:00,130.27
2023-11-09 09:15:00+01:00,118.51
2023-11-09 09:30:00+01:00,107.2
2023-11-09 09:45:00+01:00,92.5
2023-11-09 10:00:00+01:00,118.51
2023-11-09 10:15:00+01:00,112.98
2023-11-09 10:30:00+01:00,100.0
2023-11-09 10:45:00+01:00,92.5
2023-11-09 11:00:00+01:00,117.5
2023-11-09 11:15:00+01:00,105.0
2023-11-09 11:30:00+01:00,92.5
2023-11-09 11:45:00+01:00,86.99
2023-11-09 12:00:00+01:00,105.0
2023-11-09 12:15:00+01:00,91.08
2023-11-09 12:30:00+01:00,92.5
2023-11-09 12:45:00+01:00,92.5
2023-11-09 13:00:00+01:00,92.5
2023-11-09 13:15:00+01:00,104.93
2023-11-09 13:30:00+01:00,95.0
2023-11-09 13:45:00+01:00,92.23
2023-11-09 14:00:00+01:00,77.5
2023-11-09 14:15:00+01:00,94.97
2023-11-09 14:30:00+01:00,115.0
2023-11-09 14:45:00+01:00,118.51
2023-11-09 15:00:00+01:00,118.51
2023-11-09 15:15:00+01:00,118.51
2023-11-09 15:30:00+01:00,120.0
2023-11-09 15:45:00+01:00,130.0
2023-11-09 16:00:00+01:00,117.5
2023-11-09 16:15:00+01:00,117.5
2023-11-09 16:30:00+01:00,134.0
2023-11-09 16:45:00+01:00,144.01
2023-11-09 17:00:00+01:00,117.5
2023-11-09 17:15:00+01:00,135.54
2023-11-09 17:30:00+01:00,142.0
2023-11-09 17:45:00+01:00,140.0
2023-11-09 18:00:00+01:00,147.36
2023-11-09 18:15:00+01:00,142.5
2023-11-09 18:30:00+01:00,135.0
2023-11-09 18:45:00+01:00,118.51
2023-11-09 19:00:00+01:00,144.2
2023-11-09 19:15:00+01:00,138.02
2023-11-09 19:30:00+01:00,117.5
2023-11-09 19:45:00+01:00,104.61
2023-11-09 20:00:00+01:00,142.5
2023-11-09 20:15:00+01:00,122.47
2023-11-09 20:30:00+01:00,108.5
2023-11-09 20:45:00+01:00,82.53
2023-11-09 21:00:00+01:00,127.5
2023-11-09 21:15:00+01:00,116.0
2023-11-09 21:30:00+01:00,92.5
2023-11-09 21:45:00+01:00,63.6
2023-11-09 22:00:00+01:00,114.9
2023-11-09 22:15:00+01:00,105.0
2023-11-09 22:30:00+01:00,84.9
2023-11-09 22:45:00+01:00,62.92
2023-11-09 23:00:00+01:00,117.5
2023-11-09 23:15:00+01:00,92.5
2023-11-09 23:30:00+01:00,65.37
2023-11-09 23:45:00+01:00,51.0
2023-11-10 00:00:00+01:00,89.9
2023-11-10 00:15:00+01:00,69.15
2023-11-10 00:30:00+01:00,60.0
2023-11-10 00:45:00+01:00,52.4
2023-11-10 01:00:00+01:00,79.9
2023-11-10 01:15:00+01:00,66.75
2023-11-10 01:30:00+01:00,59.28
2023-11-10 01:45:00+01:00,52.0
2023-11-10 02:00:00+01:00,65.09
2023-11-10 02:15:00+01:00,61.66
2023-11-10 02:30:00+01:00,60.46
2023-11-10 02:45:00+01:00,59.3
2023-11-10 03:00:00+01:00,58.23
2023-11-10 03:15:00+01:00,60.36
2023-11-10 03:30:00+01:00,58.92
2023-11-10 03:45:00+01:00,67.16
2023-11-10 04:00:00+01:00,45.08
2023-11-10 04:15:00+01:00,54.0
2023-11-10 04:30:00+01:00,64.13
2023-11-10 04:45:00+01:00,105.0
2023-11-10 05:00:00+01:00,15.61
2023-11-10 05:15:00+01:00,63.0
2023-11-10 05:30:00+01:00,105.0
2023-11-10 05:45:00+01:00,130.0
2023-11-10 06:00:00+01:00,45.07
2023-11-10 06:15:00+01:00,95.0
2023-11-10 06:30:00+01:00,121.69
2023-11-10 06:45:00+01:00,140.06
2023-11-10 07:00:00+01:00,106.24
2023-11-10 07:15:00+01:00,108.06
2023-11-10 07:30:00+01:00,127.53
2023-11-10 07:45:00+01:00,132.05
2023-11-10 08:00:00+01:00,132.05
2023-11-10 08:15:00+01:00,125.09
2023-11-10 08:30:00+01:00,115.44
2023-11-10 08:45:00+01:00,107.05
2023-11-10 09:00:00+01:00,113.45
2023-11-10 09:15:00+01:00,107.05
2023-11-10 09:30:00+01:00,107.05
2023-11-10 09:45:00+01:00,108.06
2023-11-10 10:00:00+01:00,107.05
2023-11-10 10:15:00+01:00,97.6
2023-11-10 10:30:00+01:00,105.0
2023-11-10 10:45:00+01:00,94.35
2023-11-10 11:00:00+01:00,107.05
2023-11-10 11:15:00+01:00,92.49
2023-11-10 11:30:00+01:00,92.57
2023-11-10 11:45:00+01:00,85.09
2023-11-10 12:00:00+01:00,108.06
2023-11-10 12:15:00+01:00,105.72
2023-11-10 12:30:00+01:00,82.52
2023-11-10 12:45:00+01:00,66.49
2023-11-10 13:00:00+01:00,107.57
2023-11-10 13:15:00+01:00,105.0
2023-11-10 13:30:00+01:00,85.02
2023-11-10 13:45:00+01:00,76.34
2023-11-10 14:00:00+01:00,100.61
2023-11-10 14:15:00+01:00,92.52
2023-11-10 14:30:00+01:00,107.05
2023-11-10 14:45:00+01:00,107.05
2023-11-10 15:00:00+01:00,107.05
2023-11-10 15:15:00+01:00,108.06
2023-11-10 15:30:00+01:00,120.73
2023-11-10 15:45:00+01:00,127.55
2023-11-10 16:00:00+01:00,108.06
2023-11-10 16:15:00+01:00,115.1
2023-11-10 16:30:00+01:00,140.03
2023-11-10 16:45:00+01:00,149.24
2023-11-10 17:00:00+01:00,132.05
2023-11-10 17:15:00+01:00,146.75
2023-11-10 17:30:00+01:00,143.25
2023-11-10 17:45:00+01:00,143.75
2023-11-10 18:00:00+01:00,154.0
2023-11-10 18:15:00+01:00,140.09
2023-11-10 18:30:00+01:00,139.2
2023-11-10 18:45:00+01:00,110.53
2023-11-10 19:00:00+01:00,155.01
2023-11-10 19:15:00+01:00,140.03
2023-11-10 19:30:00+01:00,117.12
2023-11-10 19:45:00+01:00,103.79
2023-11-10 20:00:00+01:00,145.46
2023-11-10 20:15:00+01:00,126.18
2023-11-10 20:30:00+01:00,107.05
2023-11-10 20:45:00+01:00,78.97
2023-11-10 21:00:00+01:00,125.1
2023-11-10 21:15:00+01:00,107.05
2023-11-10 21:30:00+01:00,90.05
2023-11-10 21:45:00+01:00,64.29
2023-11-10 22:00:00+01:00,108.06
2023-11-10 22:15:00+01:00,107.58
2023-11-10 22:30:00+01:00,94.9
2023-11-10 22:45:00+01:00,67.54
2023-11-10 23:00:00+01:00,108.06
2023-11-10 23:15:00+01:00,99.82
2023-11-10 23:30:00+01:00,70.02
2023-11-10 23:45:00+01:00,59.0
2023-11-11 00:00:00+01:00,106.67
2023-11-11 00:15:00+01:00,103.9
2023-11-11 00:30:00+01:00,84.9
2023-11-11 00:45:00+01:00,75.0
2023-11-11 01:00:00+01:00,103.9
2023-11-11 01:15:00+01:00,94.0
2023-11-11 01:30:00+01:00,77.89
2023-11-11 01:45:00+01:00,74.01
2023-11-11 02:00:00+01:00,92.4
2023-11-11 02:15:00+01:00,84.9
2023-11-11 02:30:00+01:00,79.9
2023-11-11 02:45:00+01:00,73.73
2023-11-11 03:00:00+01:00,88.35
2023-11-11 03:15:00+01:00,77.89
2023-11-11 03:30:00+01:00,77.89
2023-11-11 03:45:00+01:00,77.89
2023-11-11 04:00:00+01:00,72.4
2023-11-11 04:15:00+01:00,74.9
2023-11-11 04:30:00+01:00,77.89
2023-11-11 04:45:00+01:00,96.41
2023-11-11 05:00:00+01:00,66.62
2023-11-11 05:15:00+01:00,77.89
2023-11-11 05:30:00+01:00,88.51
2023-11-11 05:45:00+01:00,103.9
2023-11-11 06:00:00+01:00,60.06
2023-11-11 06:15:00+01:00,77.0
2023-11-11 06:30:00+01:00,99.2
2023-11-11 06:45:00+01:00,103.9
2023-11-11 07:00:00+01:00,77.89
2023-11-11 07:15:00+01:00,97.7
2023-11-11 07:30:00+01:00,103.9
2023-11-11 07:45:00+01:00,105.0
2023-11-11 08:00:00+01:00,97.58
2023-11-11 08:15:00+01:00,103.9
2023-11-11 08:30:00+01:00,96.16
2023-11-11 08:45:00+01:00,102.89
2023-11-11 09:00:00+01:00,107.52
2023-11-11 09:15:00+01:00,103.9
2023-11-11 09:30:00+01:00,99.9
2023-11-11 09:45:00+01:00,77.35
2023-11-11 10:00:00+01:00,105.0
2023-11-11 10:15:00+01:00,100.0
2023-11-11 10:30:00+01:00,79.05
2023-11-11 10:45:00+01:00,67.5
2023-11-11 11:00:00+01:00,103.9
2023-11-11 11:15:00+01:00,103.9
2023-11-11 11:30:00+01:00,77.0
2023-11-11 11:45:00+01:00,62.59
2023-11-11 12:00:00+01:00,104.59
2023-11-11 12:15:00+01:00,93.86
2023-11-11 12:30:00+01:00,67.4
2023-11-11 12:45:00+01:00,65.0
2023-11-11 13:00:00+01:00,95.89
2023-11-11 13:15:00+01:00,77.89
2023-11-11 13:30:00+01:00,77.5
2023-11-11 13:45:00+01:00,77.0
2023-11-11 14:00:00+01:00,77.89
2023-11-11 14:15:00+01:00,77.0
2023-11-11 14:30:00+01:00,87.5
2023-11-11 14:45:00+01:00,102.0
2023-11-11 15:00:00+01:00,70.42
2023-11-11 15:15:00+01:00,96.4
2023-11-11 15:30:00+01:00,105.0
2023-11-11 15:45:00+01:00,124.9
2023-11-11 16:00:00+01:00,77.0
2023-11-11 16:15:00+01:00,103.9
2023-11-11 16:30:00+01:00,127.89
2023-11-11 16:45:00+01:00,148.88
2023-11-11 17:00:00+01:00,109.49
2023-11-11 17:15:00+01:00,129.99
2023-11-11 17:30:00+01:00,142.44
2023-11-11 17:45:00+01:00,135.0
2023-11-11 18:00:00+01:00,144.94
2023-11-11 18:15:00+01:00,140.0
2023-11-11 18:30:00+01:00,131.82
2023-11-11 18:45:00+01:00,112.4
2023-11-11 19:00:00+01:00,135.0
2023-11-11 19:15:00+01:00,130.0
2023-11-11 19:30:00+01:00,125.27
2023-11-11 19:45:00+01:00,103.9
2023-11-11 20:00:00+01:00,130.0
2023-11-11 20:15:00+01:00,117.4
2023-11-11 20:30:00+01:00,102.89
2023-11-11 20:45:00+01:00,87.87
2023-11-11 21:00:00+01:00,114.0
2023-11-11 21:15:00+01:00,105.0
2023-11-11 21:30:00+01:00,99.09
2023-11-11 21:45:00+01:00,85.0
2023-11-11 22:00:00+01:00,109.13
2023-11-11 22:15:00+01:00,105.0
2023-11-11 22:30:00+01:00,103.9
2023-11-11 22:45:00+01:00,77.89
2023-11-11 23:00:00+01:00,105.0
2023-11-11 23:15:00+01:00,103.9
2023-11-11 23:30:00+01:00,76.52
2023-11-11 23:45:00+01:00,63.82
2023-11-12 00:00:00+01:00,111.03
2023-11-12 00:15:00+01:00,77.73
2023-11-12 00:30:00+01:00,66.44
2023-11-12 00:45:00+01:00,62.1
2023-11-12 01:00:00+01:00,90.11
2023-11-12 01:15:00+01:00,77.5
2023-11-12 01:30:00+01:00,69.9
2023-11-12 01:45:00+01:00,62.5
2023-11-12 02:00:00+01:00,86.03
2023-11-12 02:15:00+01:00,72.59
2023-11-12 02:30:00+01:00,70.76
2023-11-12 02:45:00+01:00,70.81
2023-11-12 03:00:00+01:00,82.18
2023-11-12 03:15:00+01:00,71.78
2023-11-12 03:30:00+01:00,70.67
2023-11-12 03:45:00+01:00,70.67
2023-11-12 04:00:00+01:00,69.84
2023-11-12 04:15:00+01:00,69.54
2023-11-12 04:30:00+01:00,71.98
2023-11-12 04:45:00+01:00,82.46
2023-11-12 05:00:00+01:00,70.0
2023-11-12 05:15:00+01:00,70.0
2023-11-12 05:30:00+01:00,76.02
2023-11-12 05:45:00+01:00,86.03
2023-11-12 06:00:00+01:00,62.49
2023-11-12 06:15:00+01:00,68.84
2023-11-12 06:30:00+01:00,79.9
2023-11-12 06:45:00+01:00,86.03
2023-11-12 07:00:00+01:00,71.12
2023-11-12 07:15:00+01:00,81.61
2023-11-12 07:30:00+01:00,86.03
2023-11-12 07:45:00+01:00,111.03
2023-11-12 08:00:00+01:00,95.07
2023-11-12 08:15:00+01:00,91.14
2023-11-12 08:30:00+01:00,92.5
2023-11-12 08:45:00+01:00,84.9
2023-11-12 09:00:00+01:00,106.31
2023-11-12 09:15:00+01:00,86.03
2023-11-12 09:30:00+01:00,86.03
2023-11-12 09:45:00+01:00,71.95
2023-11-12 10:00:00+01:00,98.66
2023-11-12 10:15:00+01:00,86.03
2023-11-12 10:30:00+01:00,80.1
2023-11-12 10:45:00+01:00,80.0
2023-11-12 11:00:00+01:00,109.47
2023-11-12 11:15:00+01:00,82.5
2023-11-12 11:30:00+01:00,75.0
2023-11-12 11:45:00+01:00,70.0
2023-11-12 12:00:00+01:00,104.96
2023-11-12 12:15:00+01:00,77.5
2023-11-12 12:30:00+01:00,71.72
2023-11-12 12:45:00+01:00,68.8
2023-11-12 13:00:00+01:00,83.4
2023-11-12 13:15:00+01:00,73.4
2023-11-12 13:30:00+01:00,75.0
2023-11-12 13:45:00+01:00,85.0
2023-11-12 14:00:00+01:00,66.27
2023-11-12 14:15:00+01:00,72.58
2023-11-12 14:30:00+01:00,94.31
2023-11-12 14:45:00+01:00,112.04
2023-11-12 15:00:00+01:00,69.98
2023-11-12 15:15:00+01:00,90.94
2023-11-12 15:30:00+01:00,111.03
2023-11-12 15:45:00+01:00,112.04
2023-11-12 16:00:00+01:00,93.46
2023-11-12 16:15:00+01:00,112.04
2023-11-12 16:30:00+01:00,139.91
2023-11-12 16:45:00+01:00,162.4
2023-11-12 17:00:00+01:00,112.04
2023-11-12 17:15:00+01:00,127.36
2023-11-12 17:30:00+01:00,133.6
2023-11-12 17:45:00+01:00,145.0
2023-11-12 18:00:00+01:00,149.18
2023-11-12 18:15:00+01:00,142.44
2023-11-12 18:30:00+01:00,140.18
2023-11-12 18:45:00+01:00,136.03
2023-11-12 19:00:00+01:00,136.03
2023-11-12 19:15:00+01:00,132.4
2023-11-12 19:30:00+01:00,128.69
2023-11-12 19:45:00+01:00,112.04
2023-11-12 20:00:00+01:00,137.4
2023-11-12 20:15:00+01:00,123.08
2023-11-12 20:30:00+01:00,112.04
2023-11-12 20:45:00+01:00,95.09
2023-11-12 21:00:00+01:00,124.43
2023-11-12 21:15:00+01:00,112.04
2023-11-12 21:30:00+01:00,111.03
2023-11-12 21:45:00+01:00,92.57
2023-11-12 22:00:00+01:00,112.04
2023-11-12 22:15:00+01:00,114.9
2023-11-12 22:30:00+01:00,107.4
2023-11-12 22:45:00+01:00,93.25
2023-11-12 23:00:00+01:00,117.63
2023-11-12 23:15:00+01:00,112.04
2023-11-12 23:30:00+01:00,87.58
2023-11-12 23:45:00+01:00,77.59
2023-11-13 00:00:00+01:00,107.5
2023-11-13 00:15:00+01:00,92.46
2023-11-13 00:30:00+01:00,82.51
2023-11-13 00:45:00+01:00,69.76
2023-11-13 01:00:00+01:00,110.83
2023-11-13 01:15:00+01:00,94.9
2023-11-13 01:30:00+01:00,79.98
2023-11-13 01:45:00+01:00,70.09
2023-11-13 02:00:00+01:00,97.4
2023-11-13 02:15:00+01:00,84.82
2023-11-13 02:30:00+01:00,76.18
2023-11-13 02:45:00+01:00,81.68
2023-11-13 03:00:00+01:00,84.82
2023-11-13 03:15:00+01:00,82.67
2023-11-13 03:30:00+01:00,84.82
2023-11-13 03:45:00+01:00,84.82
2023-11-13 04:00:00+01:00,67.46
2023-11-13 04:15:00+01:00,71.92
2023-11-13 04:30:00+01:00,84.82
2023-11-13 04:45:00+01:00,110.83
2023-11-13 05:00:00+01:00,14.79
2023-11-13 05:15:00+01:00,74.82
2023-11-13 05:30:00+01:00,110.83
2023-11-13 05:45:00+01:00,151.32
2023-11-13 06:00:00+01:00,64.6
2023-11-13 06:15:00+01:00,109.09
2023-11-13 06:30:00+01:00,147.4
2023-11-13 06:45:00+01:00,194.91
2023-11-13 07:00:00+01:00,105.1
2023-11-13 07:15:00+01:00,130.08
2023-11-13 07:30:00+01:00,138.77
2023-11-13 07:45:00+01:00,158.94
2023-11-13 08:00:00+01:00,159.37
2023-11-13 08:15:00+01:00,152.4
2023-11-13 08:30:00+01:00,134.82
2023-11-13 08:45:00+01:00,120.09
2023-11-13 09:00:00+01:00,145.09
2023-11-13 09:15:00+01:00,134.82
2023-11-13 09:30:00+01:00,115.05
2023-11-13 09:45:00+01:00,109.82
2023-11-13 10:00:00+01:00,117.13
2023-11-13 10:15:00+01:00,110.83
2023-11-13 10:30:00+01:00,110.1
2023-11-13 10:45:00+01:00,110.83
2023-11-13 11:00:00+01:00,110.06
2023-11-13 11:15:00+01:00,100.75
2023-11-13 11:30:00+01:00,109.82
2023-11-13 11:45:00+01:00,109.82
2023-11-13 12:00:00+01:00,109.82
2023-11-13 12:15:00+01:00,104.53
2023-11-13 12:30:00+01:00,102.53
2023-11-13 12:45:00+01:00,100.53
2023-11-13 13:00:00+01:00,109.82
2023-11-13 13:15:00+01:00,107.5
2023-11-13 13:30:00+01:00,103.6
2023-11-13 13:45:00+01:00,96.1
2023-11-13 14:00:00+01:00,96.67
2023-11-13 14:15:00+01:00,98.17
2023-11-13 14:30:00+01:00,107.67
2023-11-13 14:45:00+01:00,115.02
2023-11-13 15:00:00+01:00,104.69
2023-11-13 15:15:00+01:00,109.82
2023-11-13 15:30:00+01:00,132.52
2023-11-13 15:45:00+01:00,134.82
2023-11-13 16:00:00+01:00,109.82
2023-11-13 16:15:00+01:00,119.58
2023-11-13 16:30:00+01:00,127.55
2023-11-13 16:45:00+01:00,134.82
2023-11-13 17:00:00+01:00,110.83
2023-11-13 17:15:00+01:00,134.82
2023-11-13 17:30:00+01:00,134.82
2023-11-13 17:45:00+01:00,143.52
2023-11-13 18:00:00+01:00,132.56
2023-11-13 18:15:00+01:00,127.53
2023-11-13 18:30:00+01:00,117.09
2023-11-13 18:45:00+01:00,110.83
2023-11-13 19:00:00+01:00,144.41
2023-11-13 19:15:00+01:00,125.07
2023-11-13 19:30:00+01:00,109.82
2023-11-13 19:45:00+01:00,71.95
2023-11-13 20:00:00+01:00,149.72
2023-11-13 20:15:00+01:00,127.52
2023-11-13 20:30:00+01:00,105.25
2023-11-13 20:45:00+01:00,76.32
2023-11-13 21:00:00+01:00,138.72
2023-11-13 21:15:00+01:00,110.83
2023-11-13 21:30:00+01:00,84.82
2023-11-13 21:45:00+01:00,70.04
2023-11-13 22:00:00+01:00,110.02
2023-11-13 22:15:00+01:00,95.03
2023-11-13 22:30:00+01:00,68.53
2023-11-13 22:45:00+01:00,66.53
2023-11-13 23:00:00+01:00,107.5
2023-11-13 23:15:00+01:00,79.05
2023-11-13 23:30:00+01:00,62.91
2023-11-13 23:45:00+01:00,58.67
2023-11-14 00:00:00+01:00,64.12
2023-11-14 00:15:00+01:00,43.36
2023-11-14 00:30:00+01:00,25.01
2023-11-14 00:45:00+01:00,-60.02
2023-11-14 01:00:00+01:00,42.47
2023-11-14 01:15:00+01:00,36.13
2023-11-14 01:30:00+01:00,20.0
2023-11-14 01:45:00+01:00,-41.78
2023-11-14 02:00:00+01:00,27.58
2023-11-14 02:15:00+01:00,24.0
2023-11-14 02:30:00+01:00,-18.1
2023-11-14 02:45:00+01:00,15.03
2023-11-14 03:00:00+01:00,16.0
2023-11-14 03:15:00+01:00,-8.51
2023-11-14 03:30:00+01:00,15.02
2023-11-14 03:45:00+01:00,16.0
2023-11-14 04:00:00+01:00,-58.65
2023-11-14 04:15:00+01:00,22.0
2023-11-14 04:30:00+01:00,35.03
2023-11-14 04:45:00+01:00,50.06
2023-11-14 05:00:00+01:00,-49.3
2023-11-14 05:15:00+01:00,43.31
2023-11-14 05:30:00+01:00,74.0
2023-11-14 05:45:00+01:00,105.0
2023-11-14 06:00:00+01:00,7.56
2023-11-14 06:15:00+01:00,79.23
2023-11-14 06:30:00+01:00,101.72
2023-11-14 06:45:00+01:00,127.5
2023-11-14 07:00:00+01:00,83.39
2023-11-14 07:15:00+01:00,98.05
2023-11-14 07:30:00+01:00,105.0
2023-11-14 07:45:00+01:00,110.44
2023-11-14 08:00:00+01:00,110.0
2023-11-14 08:15:00+01:00,105.0
2023-11-14 08:30:00+01:00,102.63
2023-11-14 08:45:00+01:00,82.38
2023-11-14 09:00:00+01:00,109.38
2023-11-14 09:15:00+01:00,100.0
2023-11-14 09:30:00+01:00,83.91
2023-11-14 09:45:00+01:00,72.5
2023-11-14 10:00:00+01:00,94.05
2023-11-14 10:15:00+01:00,83.39
2023-11-14 10:30:00+01:00,74.49
2023-11-14 10:45:00+01:00,64.87
2023-11-14 11:00:00+01:00,82.38
2023-11-14 11:15:00+01:00,74.52
2023-11-14 11:30:00+01:00,74.42
2023-11-14 11:45:00+01:00,69.9
2023-11-14 12:00:00+01:00,82.5
2023-11-14 12:15:00+01:00,75.0
2023-11-14 12:30:00+01:00,66.77
2023-11-14 12:45:00+01:00,72.39
2023-11-14 13:00:00+01:00,82.38
2023-11-14 13:15:00+01:00,80.34
2023-11-14 13:30:00+01:00,74.42
2023-11-14 13:45:00+01:00,70.06
2023-11-14 14:00:00+01:00,74.49
2023-11-14 14:15:00+01:00,82.38
2023-11-14 14:30:00+01:00,83.92
2023-11-14 14:45:00+01:00,107.38
2023-11-14 15:00:00+01:00,82.38
2023-11-14 15:15:00+01:00,95.0
2023-11-14 15:30:00+01:00,107.38
2023-11-14 15:45:00+01:00,112.56
2023-11-14 16:00:00+01:00,82.38
2023-11-14 16:15:00+01:00,107.38
2023-11-14 16:30:00+01:00,123.86
2023-11-14 16:45:00+01:00,125.1
2023-11-14 17:00:00+01:00,107.38
2023-11-14 17:15:00+01:00,112.6
2023-11-14 17:30:00+01:00,119.66
2023-11-14 17:45:00+01:00,132.4
2023-11-14 18:00:00+01:00,125.04
2023-11-14 18:15:00+01:00,107.59
2023-11-14 18:30:00+01:00,117.52
2023-11-14 18:45:00+01:00,97.9
2023-11-14 19:00:00+01:00,142.51
2023-11-14 19:15:00+01:00,127.5
2023-11-14 19:30:00+01:00,97.59
2023-11-14 19:45:00+01:00,76.39
2023-11-14 20:00:00+01:00,135.09
2023-11-14 20:15:00+01:00,117.5
2023-11-14 20:30:00+01:00,84.92
2023-11-14 20:45:00+01:00,74.45
2023-11-14 21:00:00+01:00,122.0
2023-11-14 21:15:00+01:00,105.0
2023-11-14 21:30:00+01:00,82.38
2023-11-14 21:45:00+01:00,69.43
2023-11-14 22:00:00+01:00,105.0
2023-11-14 22:15:00+01:00,105.0
2023-11-14 22:30:00+01:00,82.38
2023-11-14 22:45:00+01:00,64.42
2023-11-14 23:00:00+01:00,105.0
2023-11-14 23:15:00+01:00,83.39
2023-11-14 23:30:00+01:00,63.69
2023-11-14 23:45:00+01:00,56.14
2023-11-15 00:00:00+01:00,99.61
2023-11-15 00:15:00+01:00,85.0
2023-11-15 00:30:00+01:00,60.08
2023-11-15 00:45:00+01:00,51.32
2023-11-15 01:00:00+01:00,97.4
2023-11-15 01:15:00+01:00,72.5
2023-11-15 01:30:00+01:00,52.59
2023-11-15 01:45:00+01:00,47.51
2023-11-15 02:00:00+01:00,86.0
2023-11-15 02:15:00+01:00,63.0
2023-11-15 02:30:00+01:00,60.0
2023-11-15 02:45:00+01:00,50.08
2023-11-15 03:00:00+01:00,60.0
2023-11-15 03:15:00+01:00,63.0
2023-11-15 03:30:00+01:00,63.0
2023-11-15 03:45:00+01:00,63.0
2023-11-15 04:00:00+01:00,47.5
2023-11-15 04:15:00+01:00,52.5
2023-11-15 04:30:00+01:00,63.0
2023-11-15 04:45:00+01:00,92.5
2023-11-15 05:00:00+01:00,-20.0
2023-11-15 05:15:00+01:00,61.57
2023-11-15 05:30:00+01:00,95.0
2023-11-15 05:45:00+01:00,168.29
2023-11-15 06:00:00+01:00,7.8
2023-11-15 06:15:00+01:00,85.0
2023-11-15 06:30:00+01:00,134.94
2023-11-15 06:45:00+01:00,175.06
2023-11-15 07:00:00+01:00,95.08
2023-11-15 07:15:00+01:00,119.21
2023-11-15 07:30:00+01:00,132.0
2023-11-15 07:45:00+01:00,132.5
2023-11-15 08:00:00+01:00,140.0
2023-11-15 08:15:00+01:00,130.25
2023-11-15 08:30:00+01:00,125.0
2023-11-15 08:45:00+01:00,102.58
2023-11-15 09:00:00+01:00,135.0
2023-11-15 09:15:00+01:00,125.0
2023-11-15 09:30:00+01:00,102.56
2023-11-15 09:45:00+01:00,90.04
2023-11-15 10:00:00+01:00,122.0
2023-11-15 10:15:00+01:00,112.89
2023-11-15 10:30:00+01:00,102.41
2023-11-15 10:45:00+01:00,77.5
2023-11-15 11:00:00+01:00,114.97
2023-11-15 11:15:00+01:00,107.45
2023-11-15 11:30:00+01:00,95.0
2023-11-15 11:45:00+01:00,79.78
2023-11-15 12:00:00+01:00,102.43
2023-11-15 12:15:00+01:00,95.0
2023-11-15 12:30:00+01:00,94.91
2023-11-15 12:45:00+01:00,94.98
2023-11-15 13:00:00+01:00,95.0
2023-11-15 13:15:00+01:00,95.0
2023-11-15 13:30:00+01:00,102.5
2023-11-15 13:45:00+01:00,96.3
2023-11-15 14:00:00+01:00,75.08
2023-11-15 14:15:00+01:00,99.74
2023-11-15 14:30:00+01:00,112.5
2023-11-15 14:45:00+01:00,115.08
2023-11-15 15:00:00+01:00,75.06
2023-11-15 15:15:00+01:00,105.95
2023-11-15 15:30:00+01:00,120.0
2023-11-15 15:45:00+01:00,139.9
2023-11-15 16:00:00+01:00,77.56
2023-11-15 16:15:00+01:00,124.9
2023-11-15 16:30:00+01:00,130.0
2023-11-15 16:45:00+01:00,146.58
2023-11-15 17:00:00+01:00,115.06
2023-11-15 17:15:00+01:00,134.24
2023-11-15 17:30:00+01:00,134.9
2023-11-15 17:45:00+01:00,134.9
2023-11-15 18:00:00+01:00,145.0
2023-11-15 18:15:00+01:00,131.33
2023-11-15 18:30:00+01:00,134.9
2023-11-15 18:45:00+01:00,127.4
2023-11-15 19:00:00+01:00,158.97
2023-11-15 19:15:00+01:00,146.6
2023-11-15 19:30:00+01:00,127.4
2023-11-15 19:45:00+01:00,72.37
2023-11-15 20:00:00+01:00,161.81
2023-11-15 20:15:00+01:00,132.4
2023-11-15 20:30:00+01:00,97.19
2023-11-15 20:45:00+01:00,70.01
2023-11-15 21:00:00+01:00,149.92
2023-11-15 21:15:00+01:00,113.74
2023-11-15 21:30:00+01:00,75.04
2023-11-15 21:45:00+01:00,62.5
2023-11-15 22:00:00+01:00,120.87
2023-11-15 22:15:00+01:00,108.0
2023-11-15 22:30:00+01:00,80.05
2023-11-15 22:45:00+01:00,62.9
2023-11-15 23:00:00+01:00,120.99
2023-11-15 23:15:00+01:00,95.0
2023-11-15 23:30:00+01:00,63.0
2023-11-15 23:45:00+01:00,50.62
2023-11-16 00:00:00+01:00,99.9
2023-11-16 00:15:00+01:00,87.4
2023-11-16 00:30:00+01:00,59.53
2023-11-16 00:45:00+01:00,50.08
2023-11-16 01:00:00+01:00,87.5
2023-11-16 01:15:00+01:00,71.32
2023-11-16 01:30:00+01:00,60.02
2023-11-16 01:45:00+01:00,53.76
2023-11-16 02:00:00+01:00,78.0
2023-11-16 02:15:00+01:00,65.02
2023-11-16 02:30:00+01:00,59.41
2023-11-16 02:45:00+01:00,55.07
2023-11-16 03:00:00+01:00,67.52
2023-11-16 03:15:00+01:00,64.55
2023-11-16 03:30:00+01:00,57.9
2023-11-16 03:45:00+01:00,60.12
2023-11-16 04:00:00+01:00,46.48
2023-11-16 04:15:00+01:00,54.26
2023-11-16 04:30:00+01:00,70.09
2023-11-16 04:45:00+01:00,95.0
2023-11-16 05:00:00+01:00,-20.0
2023-11-16 05:15:00+01:00,65.03
2023-11-16 05:30:00+01:00,107.5
2023-11-16 05:45:00+01:00,184.68
2023-11-16 06:00:00+01:00,25.0
2023-11-16 06:15:00+01:00,95.0
2023-11-16 06:30:00+01:00,148.37
2023-11-16 06:45:00+01:00,182.84
2023-11-16 07:00:00+01:00,112.77
2023-11-16 07:15:00+01:00,125.63
2023-11-16 07:30:00+01:00,139.9
2023-11-16 07:45:00+01:00,142.5
2023-11-16 08:00:00+01:00,158.0
2023-11-16 08:15:00+01:00,145.0
2023-11-16 08:30:00+01:00,131.7
2023-11-16 08:45:00+01:00,117.5
2023-11-16 09:00:00+01:00,146.0
2023-11-16 09:15:00+01:00,137.5
2023-11-16 09:30:00+01:00,125.04
2023-11-16 09:45:00+01:00,111.18
2023-11-16 10:00:00+01:00,148.53
2023-11-16 10:15:00+01:00,125.0
2023-11-16 10:30:00+01:00,119.48
2023-11-16 10:45:00+01:00,102.5
2023-11-16 11:00:00+01:00,136.0
2023-11-16 11:15:00+01:00,125.0
2023-11-16 11:30:00+01:00,114.24
2023-11-16 11:45:00+01:00,101.96
2023-11-16 12:00:00+01:00,127.6
2023-11-16 12:15:00+01:00,115.0
2023-11-16 12:30:00+01:00,111.55
2023-11-16 12:45:00+01:00,127.46
2023-11-16 13:00:00+01:00,115.1
2023-11-16 13:15:00+01:00,125.95
2023-11-16 13:30:00+01:00,125.99
2023-11-16 13:45:00+01:00,125.99
2023-11-16 14:00:00+01:00,107.56
2023-11-16 14:15:00+01:00,120.09
2023-11-16 14:30:00+01:00,140.0
2023-11-16 14:45:00+01:00,150.06
2023-11-16 15:00:00+01:00,122.5
2023-11-16 15:15:00+01:00,145.1
2023-11-16 15:30:00+01:00,154.0
2023-11-16 15:45:00+01:00,156.04
2023-11-16 16:00:00+01:00,124.97
2023-11-16 16:15:00+01:00,159.89
2023-11-16 16:30:00+01:00,169.99
2023-11-16 16:45:00+01:00,179.72
2023-11-16 17:00:00+01:00,142.5
2023-11-16 17:15:00+01:00,164.97
2023-11-16 17:30:00+01:00,169.96
2023-11-16 17:45:00+01:00,171.28
2023-11-16 18:00:00+01:00,160.0
2023-11-16 18:15:00+01:00,154.9
2023-11-16 18:30:00+01:00,150.0
2023-11-16 18:45:00+01:00,144.9
2023-11-16 19:00:00+01:00,157.6
2023-11-16 19:15:00+01:00,152.0
2023-11-16 19:30:00+01:00,139.9
2023-11-16 19:45:00+01:00,63.94
2023-11-16 20:00:00+01:00,168.1
2023-11-16 20:15:00+01:00,144.9
2023-11-16 20:30:00+01:00,115.06
2023-11-16 20:45:00+01:00,63.47
2023-11-16 21:00:00+01:00,167.41
2023-11-16 21:15:00+01:00,139.73
2023-11-16 21:30:00+01:00,102.54
2023-11-16 21:45:00+01:00,60.73
2023-11-16 22:00:00+01:00,144.86
2023-11-16 22:15:00+01:00,125.0
2023-11-16 22:30:00+01:00,95.16
2023-11-16 22:45:00+01:00,77.54
2023-11-16 23:00:00+01:00,147.46
2023-11-16 23:15:00+01:00,112.0
2023-11-16 23:30:00+01:00,84.52
2023-11-16 23:45:00+01:00,54.42
2023-11-17 00:00:00+01:00,118.7
2023-11-17 00:15:00+01:00,107.98
2023-11-17 00:30:00+01:00,82.98
2023-11-17 00:45:00+01:00,73.84
2023-11-17 01:00:00+01:00,103.6
2023-11-17 01:15:00+01:00,90.04
2023-11-17 01:30:00+01:00,82.98
2023-11-17 01:45:00+01:00,82.98
2023-11-17 02:00:00+01:00,97.52
2023-11-17 02:15:00+01:00,85.08
2023-11-17 02:30:00+01:00,83.99
2023-11-17 02:45:00+01:00,83.99
2023-11-17 03:00:00+01:00,87.83
2023-11-17 03:15:00+01:00,86.39
2023-11-17 03:30:00+01:00,85.68
2023-11-17 03:45:00+01:00,87.4
2023-11-17 04:00:00+01:00,82.98
2023-11-17 04:15:00+01:00,82.98
2023-11-17 04:30:00+01:00,92.5
2023-11-17 04:45:00+01:00,110.49
2023-11-17 05:00:00+01:00,51.62
2023-11-17 05:15:00+01:00,80.0
2023-11-17 05:30:00+01:00,115.0
2023-11-17 05:45:00+01:00,149.78
2023-11-17 06:00:00+01:00,58.16
2023-11-17 06:15:00+01:00,107.98
2023-11-17 06:30:00+01:00,136.23
2023-11-17 06:45:00+01:00,156.39
2023-11-17 07:00:00+01:00,112.57
2023-11-17 07:15:00+01:00,125.0
2023-11-17 07:30:00+01:00,148.32
2023-11-17 07:45:00+01:00,148.32
2023-11-17 08:00:00+01:00,136.11
2023-11-17 08:15:00+01:00,147.43
2023-11-17 08:30:00+01:00,130.0
2023-11-17 08:45:00+01:00,137.46
2023-11-17 09:00:00+01:00,137.4
2023-11-17 09:15:00+01:00,140.83
2023-11-17 09:30:00+01:00,125.0
2023-11-17 09:45:00+01:00,117.5
2023-11-17 10:00:00+01:00,139.9
2023-11-17 10:15:00+01:00,124.48
2023-11-17 10:30:00+01:00,115.0
2023-11-17 10:45:00+01:00,107.98
2023-11-17 11:00:00+01:00,124.9
2023-11-17 11:15:00+01:00,119.9
2023-11-17 11:30:00+01:00,115.0
2023-11-17 11:45:00+01:00,105.0
2023-11-17 12:00:00+01:00,142.4
2023-11-17 12:15:00+01:00,112.5
2023-11-17 12:30:00+01:00,117.15
2023-11-17 12:45:00+01:00,102.5
2023-11-17 13:00:00+01:00,140.0
2023-11-17 13:15:00+01:00,115.0
2023-11-17 13:30:00+01:00,112.5
2023-11-17 13:45:00+01:00,99.26
2023-11-17 14:00:00+01:00,112.6
2023-11-17 14:15:00+01:00,110.0
2023-11-17 14:30:00+01:00,117.5
2023-11-17 14:45:00+01:00,139.9
2023-11-17 15:00:00+01:00,113.48
2023-11-17 15:15:00+01:00,124.48
2023-11-17 15:30:00+01:00,139.95
2023-11-17 15:45:00+01:00,137.74
2023-11-17 16:00:00+01:00,107.98
2023-11-17 16:15:00+01:00,127.5
2023-11-17 16:30:00+01:00,147.99
2023-11-17 16:45:00+01:00,156.31
2023-11-17 17:00:00+01:00,127.5
2023-11-17 17:15:00+01:00,137.21
2023-11-17 17:30:00+01:00,155.46
2023-11-17 17:45:00+01:00,157.45
2023-11-17 18:00:00+01:00,164.92
2023-11-17 18:15:00+01:00,145.0
2023-11-17 18:30:00+01:00,147.26
2023-11-17 18:45:00+01:00,120.06
2023-11-17 19:00:00+01:00,162.5
2023-11-17 19:15:00+01:00,147.4
2023-11-17 19:30:00+01:00,117.57
2023-11-17 19:45:00+01:00,88.19
2023-11-17 20:00:00+01:00,158.89
2023-11-17 20:15:00+01:00,132.5
2023-11-17 20:30:00+01:00,115.0
2023-11-17 20:45:00+01:00,87.53
2023-11-17 21:00:00+01:00,156.19
2023-11-17 21:15:00+01:00,120.0
2023-11-17 21:30:00+01:00,107.98
2023-11-17 21:45:00+01:00,82.98
2023-11-17 22:00:00+01:00,124.9
2023-11-17 22:15:00+01:00,115.0
2023-11-17 22:30:00+01:00,104.45
2023-11-17 22:45:00+01:00,82.98
2023-11-17 23:00:00+01:00,124.0
2023-11-17 23:15:00+01:00,107.98
2023-11-17 23:30:00+01:00,82.5
2023-11-17 23:45:00+01:00,66.72
2023-11-18 00:00:00+01:00,126.68
2023-11-18 00:15:00+01:00,117.27
2023-11-18 00:30:00+01:00,93.13
2023-11-18 00:45:00+01:00,92.27
2023-11-18 01:00:00+01:00,117.27
2023-11-18 01:15:00+01:00,102.47
2023-11-18 01:30:00+01:00,92.27
2023-11-18 01:45:00+01:00,87.99
2023-11-18 02:00:00+01:00,107.47
2023-11-18 02:15:00+01:00,92.27
2023-11-18 02:30:00+01:00,92.27
2023-11-18 02:45:00+01:00,90.12
2023-11-18 03:00:00+01:00,94.95
2023-11-18 03:15:00+01:00,93.28
2023-11-18 03:30:00+01:00,93.28
2023-11-18 03:45:00+01:00,93.28
2023-11-18 04:00:00+01:00,88.53
2023-11-18 04:15:00+01:00,90.28
2023-11-18 04:30:00+01:00,92.27
2023-11-18 04:45:00+01:00,98.15
2023-11-18 05:00:00+01:00,69.02
2023-11-18 05:15:00+01:00,88.89
2023-11-18 05:30:00+01:00,93.28
2023-11-18 05:45:00+01:00,114.0
2023-11-18 06:00:00+01:00,69.97
2023-11-18 06:15:00+01:00,87.33
2023-11-18 06:30:00+01:00,102.49
2023-11-18 06:45:00+01:00,115.0
2023-11-18 07:00:00+01:00,91.75
2023-11-18 07:15:00+01:00,92.27
2023-11-18 07:30:00+01:00,104.98
2023-11-18 07:45:00+01:00,115.0
2023-11-18 08:00:00+01:00,109.93
2023-11-18 08:15:00+01:00,106.49
2023-11-18 08:30:00+01:00,104.91
2023-11-18 08:45:00+01:00,92.27
2023-11-18 09:00:00+01:00,115.0
2023-11-18 09:15:00+01:00,109.95
2023-11-18 09:30:00+01:00,99.92
2023-11-18 09:45:00+01:00,84.99
2023-11-18 10:00:00+01:00,115.0
2023-11-18 10:15:00+01:00,92.27
2023-11-18 10:30:00+01:00,92.27
2023-11-18 10:45:00+01:00,84.93
2023-11-18 11:00:00+01:00,115.0
2023-11-18 11:15:00+01:00,104.97
2023-11-18 11:30:00+01:00,91.0
2023-11-18 11:45:00+01:00,71.62
2023-11-18 12:00:00+01:00,93.28
2023-11-18 12:15:00+01:00,92.5
2023-11-18 12:30:00+01:00,82.83
2023-11-18 12:45:00+01:00,85.0
2023-11-18 13:00:00+01:00,93.28
2023-11-18 13:15:00+01:00,92.27
2023-11-18 13:30:00+01:00,80.0
2023-11-18 13:45:00+01:00,78.59
2023-11-18 14:00:00+01:00,80.1
2023-11-18 14:15:00+01:00,84.96
2023-11-18 14:30:00+01:00,92.27
2023-11-18 14:45:00+01:00,92.27
2023-11-18 15:00:00+01:00,70.17
2023-11-18 15:15:00+01:00,87.45
2023-11-18 15:30:00+01:00,98.06
2023-11-18 15:45:00+01:00,117.27
2023-11-18 16:00:00+01:00,66.12
2023-11-18 16:15:00+01:00,92.27
2023-11-18 16:30:00+01:00,110.0
2023-11-18 16:45:00+01:00,130.0
2023-11-18 17:00:00+01:00,92.27
2023-11-18 17:15:00+01:00,115.0
2023-11-18 17:30:00+01:00,117.27
2023-11-18 17:45:00+01:00,123.47
2023-11-18 18:00:00+01:00,137.5
2023-11-18 18:15:00+01:00,115.0
2023-11-18 18:30:00+01:00,109.9
2023-11-18 18:45:00+01:00,94.57
2023-11-18 19:00:00+01:00,117.27
2023-11-18 19:15:00+01:00,115.0
2023-11-18 19:30:00+01:00,94.02
2023-11-18 19:45:00+01:00,85.05
2023-11-18 20:00:00+01:00,115.0
2023-11-18 20:15:00+01:00,93.28
2023-11-18 20:30:00+01:00,87.93
2023-11-18 20:45:00+01:00,65.48
2023-11-18 21:00:00+01:00,93.28
2023-11-18 21:15:00+01:00,92.27
2023-11-18 21:30:00+01:00,75.0
2023-11-18 21:45:00+01:00,65.94
2023-11-18 22:00:00+01:00,93.28
2023-11-18 22:15:00+01:00,89.31
2023-11-18 22:30:00+01:00,54.9
2023-11-18 22:45:00+01:00,48.78
2023-11-18 23:00:00+01:00,92.27
2023-11-18 23:15:00+01:00,59.28
2023-11-18 23:30:00+01:00,36.82
2023-11-18 23:45:00+01:00,28.0
2023-11-19 00:00:00+01:00,59.9
2023-11-19 00:15:00+01:00,37.59
2023-11-19 00:30:00+01:00,30.27
2023-11-19 00:45:00+01:00,23.0
2023-11-19 01:00:00+01:00,40.98
2023-11-19 01:15:00+01:00,27.59
2023-11-19 01:30:00+01:00,22.86
2023-11-19 01:45:00+01:00,12.57
2023-11-19 02:00:00+01:00,31.15
2023-11-19 02:15:00+01:00,22.54
2023-11-19 02:30:00+01:00,17.08
2023-11-19 02:45:00+01:00,15.36
2023-11-19 03:00:00+01:00,28.34
2023-11-19 03:15:00+01:00,15.95
2023-11-19 03:30:00+01:00,15.34
2023-11-19 03:45:00+01:00,14.88
2023-11-19 04:00:00+01:00,17.09
2023-11-19 04:15:00+01:00,19.09
2023-11-19 04:30:00+01:00,17.4
2023-11-19 04:45:00+01:00,17.5
2023-11-19 05:00:00+01:00,19.9
2023-11-19 05:15:00+01:00,19.9
2023-11-19 05:30:00+01:00,21.33
2023-11-19 05:45:00+01:00,34.93
2023-11-19 06:00:00+01:00,11.01
2023-11-19 06:15:00+01:00,23.65
2023-11-19 06:30:00+01:00,35.65
2023-11-19 06:45:00+01:00,54.96
2023-11-19 07:00:00+01:00,14.98
2023-11-19 07:15:00+01:00,27.4
2023-11-19 07:30:00+01:00,41.28
2023-11-19 07:45:00+01:00,61.66
2023-11-19 08:00:00+01:00,25.0
2023-11-19 08:15:00+01:00,35.65
2023-11-19 08:30:00+01:00,37.4
2023-11-19 08:45:00+01:00,52.5
2023-11-19 09:00:00+01:00,32.4
2023-11-19 09:15:00+01:00,40.0
2023-11-19 09:30:00+01:00,47.1
2023-11-19 09:45:00+01:00,57.6
2023-11-19 10:00:00+01:00,60.65
2023-11-19 10:15:00+01:00,57.82
2023-11-19 10:30:00+01:00,49.98
2023-11-19 10:45:00+01:00,41.07
2023-11-19 11:00:00+01:00,60.65
2023-11-19 11:15:00+01:00,60.65
2023-11-19 11:30:00+01:00,57.34
2023-11-19 11:45:00+01:00,45.84
2023-11-19 12:00:00+01:00,64.96
2023-11-19 12:15:00+01:00,60.65
2023-11-19 12:30:00+01:00,55.27
2023-11-19 12:45:00+01:00,44.77
2023-11-19 13:00:00+01:00,62.49
2023-11-19 13:15:00+01:00,61.66
2023-11-19 13:30:00+01:00,35.65
2023-11-19 13:45:00+01:00,35.65
2023-11-19 14:00:00+01:00,38.25
2023-11-19 14:15:00+01:00,29.34
2023-11-19 14:30:00+01:00,41.5
2023-11-19 14:45:00+01:00,59.92
2023-11-19 15:00:00+01:00,31.28
2023-11-19 15:15:00+01:00,35.45
2023-11-19 15:30:00+01:00,54.67
2023-11-19 15:45:00+01:00,60.65
2023-11-19 16:00:00+01:00,44.98
2023-11-19 16:15:00+01:00,52.5
2023-11-19 16:30:00+01:00,69.9
2023-11-19 16:45:00+01:00,96.88
2023-11-19 17:00:00+01:00,74.91
2023-11-19 17:15:00+01:00,85.65
2023-11-19 17:30:00+01:00,86.89
2023-11-19 17:45:00+01:00,96.89
2023-11-19 18:00:00+01:00,104.36
2023-11-19 18:15:00+01:00,85.65
2023-11-19 18:30:00+01:00,85.65
2023-11-19 18:45:00+01:00,77.35
2023-11-19 19:00:00+01:00,97.46
2023-11-19 19:15:00+01:00,86.22
2023-11-19 19:30:00+01:00,85.65
2023-11-19 19:45:00+01:00,74.9
2023-11-19 20:00:00+01:00,106.43
2023-11-19 20:15:00+01:00,85.65
2023-11-19 20:30:00+01:00,60.65
2023-11-19 20:45:00+01:00,59.9
2023-11-19 21:00:00+01:00,90.15
2023-11-19 21:15:00+01:00,62.5
2023-11-19 21:30:00+01:00,61.66
2023-11-19 21:45:00+01:00,55.74
2023-11-19 22:00:00+01:00,62.5
2023-11-19 22:15:00+01:00,72.41
2023-11-19 22:30:00+01:00,61.66
2023-11-19 22:45:00+01:00,49.7
2023-11-19 23:00:00+01:00,61.66
2023-11-19 23:15:00+01:00,60.65
2023-11-19 23:30:00+01:00,35.65
2023-11-19 23:45:00+01:00,30.0
2023-11-20 00:00:00+01:00,70.79
2023-11-20 00:15:00+01:00,45.0
2023-11-20 00:30:00+01:00,29.31
2023-11-20 00:45:00+01:00,26.69
2023-11-20 01:00:00+01:00,67.08
2023-11-20 01:15:00+01:00,40.0
2023-11-20 01:30:00+01:00,24.74
2023-11-20 01:45:00+01:00,22.98
2023-11-20 02:00:00+01:00,40.0
2023-11-20 02:15:00+01:00,34.9
2023-11-20 02:30:00+01:00,29.81
2023-11-20 02:45:00+01:00,29.9
2023-11-20 03:00:00+01:00,39.9
2023-11-20 03:15:00+01:00,31.06
2023-11-20 03:30:00+01:00,34.9
2023-11-20 03:45:00+01:00,34.9
2023-11-20 04:00:00+01:00,16.73
2023-11-20 04:15:00+01:00,29.9
2023-11-20 04:30:00+01:00,45.0
2023-11-20 04:45:00+01:00,74.97
2023-11-20 05:00:00+01:00,-4.99
2023-11-20 05:15:00+01:00,42.44
2023-11-20 05:30:00+01:00,94.29
2023-11-20 05:45:00+01:00,134.26
2023-11-20 06:00:00+01:00,19.9
2023-11-20 06:15:00+01:00,88.83
2023-11-20 06:30:00+01:00,106.84
2023-11-20 06:45:00+01:00,178.07
2023-11-20 07:00:00+01:00,105.83
2023-11-20 07:15:00+01:00,106.84
2023-11-20 07:30:00+01:00,135.26
2023-11-20 07:45:00+01:00,134.99
2023-11-20 08:00:00+01:00,145.0
2023-11-20 08:15:00+01:00,139.9
2023-11-20 08:30:00+01:00,119.13
2023-11-20 08:45:00+01:00,105.83
2023-11-20 09:00:00+01:00,152.39
2023-11-20 09:15:00+01:00,130.83
2023-11-20 09:30:00+01:00,119.29
2023-11-20 09:45:00+01:00,105.83
2023-11-20 10:00:00+01:00,115.08
2023-11-20 10:15:00+01:00,117.5
2023-11-20 10:30:00+01:00,111.75
2023-11-20 10:45:00+01:00,105.83
2023-11-20 11:00:00+01:00,106.84
2023-11-20 11:15:00+01:00,106.84
2023-11-20 11:30:00+01:00,105.83
2023-11-20 11:45:00+01:00,105.83
2023-11-20 12:00:00+01:00,106.84
2023-11-20 12:15:00+01:00,95.04
2023-11-20 12:30:00+01:00,101.06
2023-11-20 12:45:00+01:00,106.84
2023-11-20 13:00:00+01:00,105.83
2023-11-20 13:15:00+01:00,105.83
2023-11-20 13:30:00+01:00,106.84
2023-11-20 13:45:00+01:00,106.84
2023-11-20 14:00:00+01:00,105.83
2023-11-20 14:15:00+01:00,106.84
2023-11-20 14:30:00+01:00,110.09
2023-11-20 14:45:00+01:00,139.32
2023-11-20 15:00:00+01:00,105.83
2023-11-20 15:15:00+01:00,120.0
2023-11-20 15:30:00+01:00,145.28
2023-11-20 15:45:00+01:00,152.73
2023-11-20 16:00:00+01:00,118.98
2023-11-20 16:15:00+01:00,130.83
2023-11-20 16:30:00+01:00,139.9
2023-11-20 16:45:00+01:00,154.28
2023-11-20 17:00:00+01:00,145.63
2023-11-20 17:15:00+01:00,147.65
2023-11-20 17:30:00+01:00,150.0
2023-11-20 17:45:00+01:00,150.47
2023-11-20 18:00:00+01:00,154.9
2023-11-20 18:15:00+01:00,149.9
2023-11-20 18:30:00+01:00,145.0
2023-11-20 18:45:00+01:00,127.6
2023-11-20 19:00:00+01:00,168.92
2023-11-20 19:15:00+01:00,151.49
2023-11-20 19:30:00+01:00,139.9
2023-11-20 19:45:00+01:00,110.04
2023-11-20 20:00:00+01:00,169.25
2023-11-20 20:15:00+01:00,146.91
2023-11-20 20:30:00+01:00,110.09
2023-11-20 20:45:00+01:00,95.78
2023-11-20 21:00:00+01:00,146.94
2023-11-20 21:15:00+01:00,128.98
2023-11-20 21:30:00+01:00,106.84
2023-11-20 21:45:00+01:00,90.08
2023-11-20 22:00:00+01:00,129.9
2023-11-20 22:15:00+01:00,119.9
2023-11-20 22:30:00+01:00,105.0
2023-11-20 22:45:00+01:00,94.9
2023-11-20 23:00:00+01:00,129.92
2023-11-20 23:15:00+01:00,106.84
2023-11-20 23:30:00+01:00,84.91
2023-11-20 23:45:00+01:00,74.33
2023-11-21 00:00:00+01:00,118.02
2023-11-21 00:15:00+01:00,100.0
2023-11-21 00:30:00+01:00,82.93
2023-11-21 00:45:00+01:00,81.92
2023-11-21 01:00:00+01:00,117.42
2023-11-21 01:15:00+01:00,82.93
2023-11-21 01:30:00+01:00,82.66
2023-11-21 01:45:00+01:00,80.0
2023-11-21 02:00:00+01:00,94.9
2023-11-21 02:15:00+01:00,88.73
2023-11-21 02:30:00+01:00,83.21
2023-11-21 02:45:00+01:00,82.93
2023-11-21 03:00:00+01:00,84.33
2023-11-21 03:15:00+01:00,82.93
2023-11-21 03:30:00+01:00,84.9
2023-11-21 03:45:00+01:00,90.0
2023-11-21 04:00:00+01:00,74.91
2023-11-21 04:15:00+01:00,81.92
2023-11-21 04:30:00+01:00,82.93
2023-11-21 04:45:00+01:00,112.5
2023-11-21 05:00:00+01:00,52.4
2023-11-21 05:15:00+01:00,81.92
2023-11-21 05:30:00+01:00,106.92
2023-11-21 05:45:00+01:00,164.15
2023-11-21 06:00:00+01:00,59.9
2023-11-21 06:15:00+01:00,95.0
2023-11-21 06:30:00+01:00,145.0
2023-11-21 06:45:00+01:00,202.8
2023-11-21 07:00:00+01:00,110.03
2023-11-21 07:15:00+01:00,141.23
2023-11-21 07:30:00+01:00,152.5
2023-11-21 07:45:00+01:00,163.18
2023-11-21 08:00:00+01:00,150.9
2023-11-21 08:15:00+01:00,157.4
2023-11-21 08:30:00+01:00,152.4
2023-11-21 08:45:00+01:00,133.42
2023-11-21 09:00:00+01:00,161.93
2023-11-21 09:15:00+01:00,140.04
2023-11-21 09:30:00+01:00,137.51
2023-11-21 09:45:00+01:00,119.92
2023-11-21 10:00:00+01:00,147.59
2023-11-21 10:15:00+01:00,137.54
2023-11-21 10:30:00+01:00,132.53
2023-11-21 10:45:00+01:00,122.27
2023-11-21 11:00:00+01:00,142.66
2023-11-21 11:15:00+01:00,144.9
2023-11-21 11:30:00+01:00,134.9
2023-11-21 11:45:00+01:00,112.55
2023-11-21 12:00:00+01:00,141.71
2023-11-21 12:15:00+01:00,117.6
2023-11-21 12:30:00+01:00,127.4
2023-11-21 12:45:00+01:00,142.41
2023-11-21 13:00:00+01:00,142.18
2023-11-21 13:15:00+01:00,132.5
2023-11-21 13:30:00+01:00,132.4
2023-11-21 13:45:00+01:00,122.57
2023-11-21 14:00:00+01:00,123.38
2023-11-21 14:15:00+01:00,130.0
2023-11-21 14:30:00+01:00,140.0
2023-11-21 14:45:00+01:00,139.17
2023-11-21 15:00:00+01:00,119.9
2023-11-21 15:15:00+01:00,130.0
2023-11-21 15:30:00+01:00,143.49
2023-11-21 15:45:00+01:00,152.8
2023-11-21 16:00:00+01:00,107.5
2023-11-21 16:15:00+01:00,140.0
2023-11-21 16:30:00+01:00,157.9
2023-11-21 16:45:00+01:00,164.9
2023-11-21 17:00:00+01:00,149.9
2023-11-21 17:15:00+01:00,143.4
2023-11-21 17:30:00+01:00,159.9
2023-11-21 17:45:00+01:00,159.9
2023-11-21 18:00:00+01:00,175.26
2023-11-21 18:15:00+01:00,159.9
2023-11-21 18:30:00+01:00,140.03
2023-11-21 18:45:00+01:00,120.01
2023-11-21 19:00:00+01:00,179.9
2023-11-21 19:15:00+01:00,158.29
2023-11-21 19:30:00+01:00,124.67
2023-11-21 19:45:00+01:00,81.92
2023-11-21 20:00:00+01:00,178.34
2023-11-21 20:15:00+01:00,152.4
2023-11-21 20:30:00+01:00,113.51
2023-11-21 20:45:00+01:00,82.5
2023-11-21 21:00:00+01:00,163.51
2023-11-21 21:15:00+01:00,135.0
2023-11-21 21:30:00+01:00,102.57
2023-11-21 21:45:00+01:00,81.92
2023-11-21 22:00:00+01:00,142.5
2023-11-21 22:15:00+01:00,126.27
2023-11-21 22:30:00+01:00,104.9
2023-11-21 22:45:00+01:00,81.92
2023-11-21 23:00:00+01:00,149.98
2023-11-21 23:15:00+01:00,114.9
2023-11-21 23:30:00+01:00,82.59
2023-11-21 23:45:00+01:00,77.57
2023-11-22 00:00:00+01:00,114.9
2023-11-22 00:15:00+01:00,105.0
2023-11-22 00:30:00+01:00,104.99
2023-11-22 00:45:00+01:00,78.46
2023-11-22 01:00:00+01:00,107.44
2023-11-22 01:15:00+01:00,106.0
2023-11-22 01:30:00+01:00,91.28
2023-11-22 01:45:00+01:00,79.99
2023-11-22 02:00:00+01:00,106.0
2023-11-22 02:15:00+01:00,103.17
2023-11-22 02:30:00+01:00,85.0
2023-11-22 02:45:00+01:00,79.99
2023-11-22 03:00:00+01:00,87.5
2023-11-22 03:15:00+01:00,85.0
2023-11-22 03:30:00+01:00,96.58
2023-11-22 03:45:00+01:00,102.47
2023-11-22 04:00:00+01:00,79.99
2023-11-22 04:15:00+01:00,86.06
2023-11-22 04:30:00+01:00,106.0
2023-11-22 04:45:00+01:00,107.5
2023-11-22 05:00:00+01:00,47.5
2023-11-22 05:15:00+01:00,89.99
2023-11-22 05:30:00+01:00,118.29
2023-11-22 05:45:00+01:00,168.19
2023-11-22 06:00:00+01:00,57.5
2023-11-22 06:15:00+01:00,105.0
2023-11-22 06:30:00+01:00,150.77
2023-11-22 06:45:00+01:00,187.45
2023-11-22 07:00:00+01:00,104.99
2023-11-22 07:15:00+01:00,125.08
2023-11-22 07:30:00+01:00,139.9
2023-11-22 07:45:00+01:00,164.49
2023-11-22 08:00:00+01:00,160.64
2023-11-22 08:15:00+01:00,147.4
2023-11-22 08:30:00+01:00,129.99
2023-11-22 08:45:00+01:00,121.58
2023-11-22 09:00:00+01:00,156.04
2023-11-22 09:15:00+01:00,137.49
2023-11-22 09:30:00+01:00,129.99
2023-11-22 09:45:00+01:00,107.78
2023-11-22 10:00:00+01:00,148.99
2023-11-22 10:15:00+01:00,129.99
2023-11-22 10:30:00+01:00,114.23
2023-11-22 10:45:00+01:00,106.66
2023-11-22 11:00:00+01:00,129.99
2023-11-22 11:15:00+01:00,127.5
2023-11-22 11:30:00+01:00,115.49
2023-11-22 11:45:00+01:00,107.4
2023-11-22 12:00:00+01:00,118.81
2023-11-22 12:15:00+01:00,105.0
2023-11-22 12:30:00+01:00,114.9
2023-11-22 12:45:00+01:00,129.94
2023-11-22 13:00:00+01:00,109.01
2023-11-22 13:15:00+01:00,115.0
2023-11-22 13:30:00+01:00,120.0
2023-11-22 13:45:00+01:00,129.99
2023-11-22 14:00:00+01:00,104.99
2023-11-22 14:15:00+01:00,114.9
2023-11-22 14:30:00+01:00,128.98
2023-11-22 14:45:00+01:00,137.4
2023-11-22 15:00:00+01:00,104.99
2023-11-22 15:15:00+01:00,115.0
2023-11-22 15:30:00+01:00,134.98
2023-11-22 15:45:00+01:00,149.79
2023-11-22 16:00:00+01:00,104.99
2023-11-22 16:15:00+01:00,129.99
2023-11-22 16:30:00+01:00,143.35
2023-11-22 16:45:00+01:00,147.4
2023-11-22 17:00:00+01:00,129.99
2023-11-22 17:15:00+01:00,132.5
2023-11-22 17:30:00+01:00,136.33
2023-11-22 17:45:00+01:00,149.91
2023-11-22 18:00:00+01:00,149.16
2023-11-22 18:15:00+01:00,138.76
2023-11-22 18:30:00+01:00,132.46
2023-11-22 18:45:00+01:00,120.29
2023-11-22 19:00:00+01:00,154.9
2023-11-22 19:15:00+01:00,139.9
2023-11-22 19:30:00+01:00,110.09
2023-11-22 19:45:00+01:00,95.1
2023-11-22 20:00:00+01:00,149.43
2023-11-22 20:15:00+01:00,120.06
2023-11-22 20:30:00+01:00,104.99
2023-11-22 20:45:00+01:00,79.92
2023-11-22 21:00:00+01:00,129.99
2023-11-22 21:15:00+01:00,105.0
2023-11-22 21:30:00+01:00,89.9
2023-11-22 21:45:00+01:00,72.23
2023-11-22 22:00:00+01:00,106.0
2023-11-22 22:15:00+01:00,106.0
2023-11-22 22:30:00+01:00,80.0
2023-11-22 22:45:00+01:00,72.45
2023-11-22 23:00:00+01:00,106.18
2023-11-22 23:15:00+01:00,90.0
2023-11-22 23:30:00+01:00,69.9
2023-11-22 23:45:00+01:00,57.4
2023-11-23 00:00:00+01:00,88.0
2023-11-23 00:15:00+01:00,70.92
2023-11-23 00:30:00+01:00,64.9
2023-11-23 00:45:00+01:00,52.74
2023-11-23 01:00:00+01:00,70.92
2023-11-23 01:15:00+01:00,64.9
2023-11-23 01:30:00+01:00,52.07
2023-11-23 01:45:00+01:00,48.35
2023-11-23 02:00:00+01:00,63.28
2023-11-23 02:15:00+01:00,48.42
2023-11-23 02:30:00+01:00,49.37
2023-11-23 02:45:00+01:00,48.13
2023-11-23 03:00:00+01:00,47.07
2023-11-23 03:15:00+01:00,45.29
2023-11-23 03:30:00+01:00,46.96
2023-11-23 03:45:00+01:00,47.07
2023-11-23 04:00:00+01:00,42.41
2023-11-23 04:15:00+01:00,46.37
2023-11-23 04:30:00+01:00,53.44
2023-11-23 04:45:00+01:00,70.92
2023-11-23 05:00:00+01:00,38.17
2023-11-23 05:15:00+01:00,68.0
2023-11-23 05:30:00+01:00,95.0
2023-11-23 05:45:00+01:00,95.0
2023-11-23 06:00:00+01:00,55.74
2023-11-23 06:15:00+01:00,72.0
2023-11-23 06:30:00+01:00,103.07
2023-11-23 06:45:00+01:00,163.25
2023-11-23 07:00:00+01:00,94.91
2023-11-23 07:15:00+01:00,109.95
2023-11-23 07:30:00+01:00,110.17
2023-11-23 07:45:00+01:00,132.0
2023-11-23 08:00:00+01:00,135.95
2023-11-23 08:15:00+01:00,119.95
2023-11-23 08:30:00+01:00,97.5
2023-11-23 08:45:00+01:00,85.0
2023-11-23 09:00:00+01:00,124.93
2023-11-23 09:15:00+01:00,106.69
2023-11-23 09:30:00+01:00,95.0
2023-11-23 09:45:00+01:00,72.58
2023-11-23 10:00:00+01:00,113.49
2023-11-23 10:15:00+01:00,95.0
2023-11-23 10:30:00+01:00,84.74
2023-11-23 10:45:00+01:00,70.92
2023-11-23 11:00:00+01:00,95.0
2023-11-23 11:15:00+01:00,94.91
2023-11-23 11:30:00+01:00,89.87
2023-11-23 11:45:00+01:00,70.92
2023-11-23 12:00:00+01:00,95.0
2023-11-23 12:15:00+01:00,77.41
2023-11-23 12:30:00+01:00,74.96
2023-11-23 12:45:00+01:00,81.01
2023-11-23 13:00:00+01:00,94.91
2023-11-23 13:15:00+01:00,92.89
2023-11-23 13:30:00+01:00,79.94
2023-11-23 13:45:00+01:00,72.5
2023-11-23 14:00:00+01:00,70.92
2023-11-23 14:15:00+01:00,77.5
2023-11-23 14:30:00+01:00,94.91
2023-11-23 14:45:00+01:00,95.0
2023-11-23 15:00:00+01:00,69.91
2023-11-23 15:15:00+01:00,90.68
2023-11-23 15:30:00+01:00,95.0
2023-11-23 15:45:00+01:00,114.0
2023-11-23 16:00:00+01:00,69.91
2023-11-23 16:15:00+01:00,94.91
2023-11-23 16:30:00+01:00,114.91
2023-11-23 16:45:00+01:00,124.97
2023-11-23 17:00:00+01:00,94.91
2023-11-23 17:15:00+01:00,109.92
2023-11-23 17:30:00+01:00,97.5
2023-11-23 17:45:00+01:00,101.07
2023-11-23 18:00:00+01:00,122.0
2023-11-23 18:15:00+01:00,103.33
2023-11-23 18:30:00+01:00,95.0
2023-11-23 18:45:00+01:00,84.9
2023-11-23 19:00:00+01:00,114.0
2023-11-23 19:15:00+01:00,95.0
2023-11-23 19:30:00+01:00,75.09
2023-11-23 19:45:00+01:00,69.91
2023-11-23 20:00:00+01:00,106.0
2023-11-23 20:15:00+01:00,95.0
2023-11-23 20:30:00+01:00,70.57
2023-11-23 20:45:00+01:00,57.74
2023-11-23 21:00:00+01:00,95.0
2023-11-23 21:15:00+01:00,71.47
2023-11-23 21:30:00+01:00,64.0
2023-11-23 21:45:00+01:00,49.91
2023-11-23 22:00:00+01:00,75.74
2023-11-23 22:15:00+01:00,70.92
2023-11-23 22:30:00+01:00,52.04
2023-11-23 22:45:00+01:00,30.9
2023-11-23 23:00:00+01:00,95.0
2023-11-23 23:15:00+01:00,45.75
2023-11-23 23:30:00+01:00,22.47
2023-11-23 23:45:00+01:00,-14.41
2023-11-24 00:00:00+01:00,49.27
2023-11-24 00:15:00+01:00,38.67
2023-11-24 00:30:00+01:00,10.11
2023-11-24 00:45:00+01:00,0.0
2023-11-24 01:00:00+01:00,49.27
2023-11-24 01:15:00+01:00,29.92
2023-11-24 01:30:00+01:00,3.67
2023-11-24 01:45:00+01:00,-6.44
2023-11-24 02:00:00+01:00,29.97
2023-11-24 02:15:00+01:00,19.93
2023-11-24 02:30:00+01:00,9.9
2023-11-24 02:45:00+01:00,-5.0
2023-11-24 03:00:00+01:00,8.9
2023-11-24 03:15:00+01:00,0.0
2023-11-24 03:30:00+01:00,14.92
2023-11-24 03:45:00+01:00,19.96
2023-11-24 04:00:00+01:00,9.71
2023-11-24 04:15:00+01:00,26.76
2023-11-24 04:30:00+01:00,-6.56
2023-11-24 04:45:00+01:00,23.29
2023-11-24 05:00:00+01:00,-30.82
2023-11-24 05:15:00+01:00,5.0
2023-11-24 05:30:00+01:00,51.72
2023-11-24 05:45:00+01:00,95.0
2023-11-24 06:00:00+01:00,14.94
2023-11-24 06:15:00+01:00,75.28
2023-11-24 06:30:00+01:00,95.0
2023-11-24 06:45:00+01:00,127.7
2023-11-24 07:00:00+01:00,84.9
2023-11-24 07:15:00+01:00,99.27
2023-11-24 07:30:00+01:00,101.27
2023-11-24 07:45:00+01:00,106.0
2023-11-24 08:00:00+01:00,122.0
2023-11-24 08:15:00+01:00,110.0
2023-11-24 08:30:00+01:00,104.8
2023-11-24 08:45:00+01:00,90.0
2023-11-24 09:00:00+01:00,109.08
2023-11-24 09:15:00+01:00,99.27
2023-11-24 09:30:00+01:00,95.0
2023-11-24 09:45:00+01:00,75.04
2023-11-24 10:00:00+01:00,98.0
2023-11-24 10:15:00+01:00,85.09
2023-11-24 10:30:00+01:00,80.79
2023-11-24 10:45:00+01:00,74.27
2023-11-24 11:00:00+01:00,94.47
2023-11-24 11:15:00+01:00,92.0
2023-11-24 11:30:00+01:00,74.27
2023-11-24 11:45:00+01:00,66.27
2023-11-24 12:00:00+01:00,95.0
2023-11-24 12:15:00+01:00,75.28
2023-11-24 12:30:00+01:00,79.9
2023-11-24 12:45:00+01:00,75.28
2023-11-24 13:00:00+01:00,91.57
2023-11-24 13:15:00+01:00,94.97
2023-11-24 13:30:00+01:00,80.0
2023-11-24 13:45:00+01:00,74.27
2023-11-24 14:00:00+01:00,74.27
2023-11-24 14:15:00+01:00,80.0
2023-11-24 14:30:00+01:00,95.0
2023-11-24 14:45:00+01:00,98.28
2023-11-24 15:00:00+01:00,74.27
2023-11-24 15:15:00+01:00,91.94
2023-11-24 15:30:00+01:00,95.0
2023-11-24 15:45:00+01:00,104.9
2023-11-24 16:00:00+01:00,74.99
2023-11-24 16:15:00+01:00,99.27
2023-11-24 16:30:00+01:00,105.98
2023-11-24 16:45:00+01:00,129.93
2023-11-24 17:00:00+01:00,100.0
2023-11-24 17:15:00+01:00,119.93
2023-11-24 17:30:00+01:00,108.54
2023-11-24 17:45:00+01:00,119.92
2023-11-24 18:00:00+01:00,120.0
2023-11-24 18:15:00+01:00,110.0
2023-11-24 18:30:00+01:00,104.9
2023-11-24 18:45:00+01:00,91.1
2023-11-24 19:00:00+01:00,130.23
2023-11-24 19:15:00+01:00,109.9
2023-11-24 19:30:00+01:00,94.99
2023-11-24 19:45:00+01:00,73.72
2023-11-24 20:00:00+01:00,129.98
2023-11-24 20:15:00+01:00,98.0
2023-11-24 20:30:00+01:00,75.28
2023-11-24 20:45:00+01:00,64.9
2023-11-24 21:00:00+01:00,104.9
2023-11-24 21:15:00+01:00,86.0
2023-11-24 21:30:00+01:00,74.27
2023-11-24 21:45:00+01:00,57.71
2023-11-24 22:00:00+01:00,95.0
2023-11-24 22:15:00+01:00,87.29
2023-11-24 22:30:00+01:00,70.0
2023-11-24 22:45:00+01:00,55.29
2023-11-24 23:00:00+01:00,95.0
2023-11-24 23:15:00+01:00,75.28
2023-11-24 23:30:00+01:00,54.9
2023-11-24 23:45:00+01:00,40.98
2023-11-25 00:00:00+01:00,87.27
2023-11-25 00:15:00+01:00,85.0
2023-11-25 00:30:00+01:00,61.32
2023-11-25 00:45:00+01:00,43.06
2023-11-25 01:00:00+01:00,88.28
2023-11-25 01:15:00+01:00,69.99
2023-11-25 01:30:00+01:00,56.37
2023-11-25 01:45:00+01:00,42.19
2023-11-25 02:00:00+01:00,85.0
2023-11-25 02:15:00+01:00,62.27
2023-11-25 02:30:00+01:00,54.74
2023-11-25 02:45:00+01:00,45.95
2023-11-25 03:00:00+01:00,66.98
2023-11-25 03:15:00+01:00,62.27
2023-11-25 03:30:00+01:00,62.27
2023-11-25 03:45:00+01:00,62.27
2023-11-25 04:00:00+01:00,47.69
2023-11-25 04:15:00+01:00,54.19
2023-11-25 04:30:00+01:00,64.93
2023-11-25 04:45:00+01:00,88.28
2023-11-25 05:00:00+01:00,44.0
2023-11-25 05:15:00+01:00,59.93
2023-11-25 05:30:00+01:00,84.12
2023-11-25 05:45:00+01:00,88.28
2023-11-25 06:00:00+01:00,57.43
2023-11-25 06:15:00+01:00,80.03
2023-11-25 06:30:00+01:00,87.27
2023-11-25 06:45:00+01:00,88.0
2023-11-25 07:00:00+01:00,87.27
2023-11-25 07:15:00+01:00,87.27
2023-11-25 07:30:00+01:00,89.38
2023-11-25 07:45:00+01:00,95.0
2023-11-25 08:00:00+01:00,89.97
2023-11-25 08:15:00+01:00,92.47
2023-11-25 08:30:00+01:00,108.0
2023-11-25 08:45:00+01:00,103.37
2023-11-25 09:00:00+01:00,110.0
2023-11-25 09:15:00+01:00,95.0
2023-11-25 09:30:00+01:00,87.27
2023-11-25 09:45:00+01:00,85.0
2023-11-25 10:00:00+01:00,109.9
2023-11-25 10:15:00+01:00,89.83
2023-11-25 10:30:00+01:00,87.27
2023-11-25 10:45:00+01:00,82.0
2023-11-25 11:00:00+01:00,95.0
2023-11-25 11:15:00+01:00,88.28
2023-11-25 11:30:00+01:00,87.41
2023-11-25 11:45:00+01:00,85.29
2023-11-25 12:00:00+01:00,95.0
2023-11-25 12:15:00+01:00,88.28
2023-11-25 12:30:00+01:00,84.96
2023-11-25 12:45:00+01:00,83.4
2023-11-25 13:00:00+01:00,92.56
2023-11-25 13:15:00+01:00,88.28
2023-11-25 13:30:00+01:00,83.17
2023-11-25 13:45:00+01:00,87.4
2023-11-25 14:00:00+01:00,88.28
2023-11-25 14:15:00+01:00,88.28
2023-11-25 14:30:00+01:00,90.78
2023-11-25 14:45:00+01:00,98.22
2023-11-25 15:00:00+01:00,84.0
2023-11-25 15:15:00+01:00,95.0
2023-11-25 15:30:00+01:00,112.27
2023-11-25 15:45:00+01:00,122.79
2023-11-25 16:00:00+01:00,82.43
2023-11-25 16:15:00+01:00,104.09
2023-11-25 16:30:00+01:00,124.91
2023-11-25 16:45:00+01:00,139.98
2023-11-25 17:00:00+01:00,112.27
2023-11-25 17:15:00+01:00,118.84
2023-11-25 17:30:00+01:00,134.96
2023-11-25 17:45:00+01:00,140.0
2023-11-25 18:00:00+01:00,149.93
2023-11-25 18:15:00+01:00,146.0
2023-11-25 18:30:00+01:00,121.41
2023-11-25 18:45:00+01:00,107.46
2023-11-25 19:00:00+01:00,148.23
2023-11-25 19:15:00+01:00,139.8
2023-11-25 19:30:00+01:00,114.95
2023-11-25 19:45:00+01:00,104.96
2023-11-25 20:00:00+01:00,149.92
2023-11-25 20:15:00+01:00,126.73
2023-11-25 20:30:00+01:00,109.97
2023-11-25 20:45:00+01:00,87.27
2023-11-25 21:00:00+01:00,129.97
2023-11-25 21:15:00+01:00,117.48
2023-11-25 21:30:00+01:00,107.43
2023-11-25 21:45:00+01:00,92.22
2023-11-25 22:00:00+01:00,124.0
2023-11-25 22:15:00+01:00,124.0
2023-11-25 22:30:00+01:00,103.34
2023-11-25 22:45:00+01:00,88.28
2023-11-25 23:00:00+01:00,133.73
2023-11-25 23:15:00+01:00,100.08
2023-11-25 23:30:00+01:00,88.28
2023-11-25 23:45:00+01:00,87.27
2023-11-26 00:00:00+01:00,124.55
2023-11-26 00:15:00+01:00,103.25
2023-11-26 00:30:00+01:00,89.5
2023-11-26 00:45:00+01:00,80.05
2023-11-26 01:00:00+01:00,109.99
2023-11-26 01:15:00+01:00,103.25
2023-11-26 01:30:00+01:00,89.14
2023-11-26 01:45:00+01:00,75.03
2023-11-26 02:00:00+01:00,104.26
2023-11-26 02:15:00+01:00,97.44
2023-11-26 02:30:00+01:00,80.06
2023-11-26 02:45:00+01:00,78.23
2023-11-26 03:00:00+01:00,99.97
2023-11-26 03:15:00+01:00,92.43
2023-11-26 03:30:00+01:00,78.25
2023-11-26 03:45:00+01:00,78.25
2023-11-26 04:00:00+01:00,80.09
2023-11-26 04:15:00+01:00,87.93
2023-11-26 04:30:00+01:00,89.94
2023-11-26 04:45:00+01:00,89.99
2023-11-26 05:00:00+01:00,78.25
2023-11-26 05:15:00+01:00,81.85
2023-11-26 05:30:00+01:00,87.46
2023-11-26 05:45:00+01:00,104.26
2023-11-26 06:00:00+01:00,77.4
2023-11-26 06:15:00+01:00,84.91
2023-11-26 06:30:00+01:00,104.26
2023-11-26 06:45:00+01:00,109.09
2023-11-26 07:00:00+01:00,96.22
2023-11-26 07:15:00+01:00,103.25
2023-11-26 07:30:00+01:00,104.26
2023-11-26 07:45:00+01:00,104.26
2023-11-26 08:00:00+01:00,104.26
2023-11-26 08:15:00+01:00,104.26
2023-11-26 08:30:00+01:00,104.26
2023-11-26 08:45:00+01:00,114.78
2023-11-26 09:00:00+01:00,107.56
2023-11-26 09:15:00+01:00,104.26
2023-11-26 09:30:00+01:00,104.26
2023-11-26 09:45:00+01:00,113.47
2023-11-26 10:00:00+01:00,119.02
2023-11-26 10:15:00+01:00,103.25
2023-11-26 10:30:00+01:00,103.25
2023-11-26 10:45:00+01:00,103.25
2023-11-26 11:00:00+01:00,108.72
2023-11-26 11:15:00+01:00,107.52
2023-11-26 11:30:00+01:00,104.93
2023-11-26 11:45:00+01:00,104.26
2023-11-26 12:00:00+01:00,124.65
2023-11-26 12:15:00+01:00,104.26
2023-11-26 12:30:00+01:00,100.61
2023-11-26 12:45:00+01:00,99.9
2023-11-26 13:00:00+01:00,110.18
2023-11-26 13:15:00+01:00,104.26
2023-11-26 13:30:00+01:00,104.26
2023-11-26 13:45:00+01:00,104.26
2023-11-26 14:00:00+01:00,103.25
2023-11-26 14:15:00+01:00,103.25
2023-11-26 14:30:00+01:00,104.26
2023-11-26 14:45:00+01:00,115.84
2023-11-26 15:00:00+01:00,103.25
2023-11-26 15:15:00+01:00,104.26
2023-11-26 15:30:00+01:00,115.98
2023-11-26 15:45:00+01:00,132.68
2023-11-26 16:00:00+01:00,95.28
2023-11-26 16:15:00+01:00,110.0
2023-11-26 16:30:00+01:00,139.92
2023-11-26 16:45:00+01:00,162.71
2023-11-26 17:00:00+01:00,127.42
2023-11-26 17:15:00+01:00,139.95
2023-11-26 17:30:00+01:00,149.92
2023-11-26 17:45:00+01:00,154.9
2023-11-26 18:00:00+01:00,158.3
2023-11-26 18:15:00+01:00,149.93
2023-11-26 18:30:00+01:00,142.4
2023-11-26 18:45:00+01:00,132.49
2023-11-26 19:00:00+01:00,153.21
2023-11-26 19:15:00+01:00,149.95
2023-11-26 19:30:00+01:00,132.75
2023-11-26 19:45:00+01:00,127.49
2023-11-26 20:00:00+01:00,153.24
2023-11-26 20:15:00+01:00,137.44
2023-11-26 20:30:00+01:00,124.9
2023-11-26 20:45:00+01:00,103.25
2023-11-26 21:00:00+01:00,134.99
2023-11-26 21:15:00+01:00,129.94
2023-11-26 21:30:00+01:00,117.05
2023-11-26 21:45:00+01:00,105.05
2023-11-26 22:00:00+01:00,132.41
2023-11-26 22:15:00+01:00,127.47
2023-11-26 22:30:00+01:00,109.75
2023-11-26 22:45:00+01:00,104.26
2023-11-26 23:00:00+01:00,129.98
2023-11-26 23:15:00+01:00,114.22
2023-11-26 23:30:00+01:00,104.26
2023-11-26 23:45:00+01:00,92.55
2023-11-27 00:00:00+01:00,120.0
2023-11-27 00:15:00+01:00,114.3
2023-11-27 00:30:00+01:00,97.51
2023-11-27 00:45:00+01:00,77.59
2023-11-27 01:00:00+01:00,115.0
2023-11-27 01:15:00+01:00,97.98
2023-11-27 01:30:00+01:00,92.52
2023-11-27 01:45:00+01:00,79.48
2023-11-27 02:00:00+01:00,102.61
2023-11-27 02:15:00+01:00,95.07
2023-11-27 02:30:00+01:00,90.05
2023-11-27 02:45:00+01:00,87.56
2023-11-27 03:00:00+01:00,95.0
2023-11-27 03:15:00+01:00,90.03
2023-11-27 03:30:00+01:00,90.03
2023-11-27 03:45:00+01:00,90.05
2023-11-27 04:00:00+01:00,72.42
2023-11-27 04:15:00+01:00,85.01
2023-11-27 04:30:00+01:00,97.6
2023-11-27 04:45:00+01:00,124.9
2023-11-27 05:00:00+01:00,44.3
2023-11-27 05:15:00+01:00,87.59
2023-11-27 05:30:00+01:00,128.33
2023-11-27 05:45:00+01:00,167.37
2023-11-27 06:00:00+01:00,43.78
2023-11-27 06:15:00+01:00,120.96
2023-11-27 06:30:00+01:00,149.9
2023-11-27 06:45:00+01:00,202.49
2023-11-27 07:00:00+01:00,128.33
2023-11-27 07:15:00+01:00,153.28
2023-11-27 07:30:00+01:00,159.9
2023-11-27 07:45:00+01:00,167.95
2023-11-27 08:00:00+01:00,177.49
2023-11-27 08:15:00+01:00,165.06
2023-11-27 08:30:00+01:00,153.33
2023-11-27 08:45:00+01:00,134.9
2023-11-27 09:00:00+01:00,172.5
2023-11-27 09:15:00+01:00,143.55
2023-11-27 09:30:00+01:00,129.34
2023-11-27 09:45:00+01:00,128.33
2023-11-27 10:00:00+01:00,153.33
2023-11-27 10:15:00+01:00,142.62
2023-11-27 10:30:00+01:00,142.5
2023-11-27 10:45:00+01:00,137.31
2023-11-27 11:00:00+01:00,150.0
2023-11-27 11:15:00+01:00,144.9
2023-11-27 11:30:00+01:00,131.71
2023-11-27 11:45:00+01:00,132.19
2023-11-27 12:00:00+01:00,142.4
2023-11-27 12:15:00+01:00,128.33
2023-11-27 12:30:00+01:00,142.4
2023-11-27 12:45:00+01:00,138.09
2023-11-27 13:00:00+01:00,129.34
2023-11-27 13:15:00+01:00,130.85
2023-11-27 13:30:00+01:00,138.77
2023-11-27 13:45:00+01:00,150.03
2023-11-27 14:00:00+01:00,124.69
2023-11-27 14:15:00+01:00,128.33
2023-11-27 14:30:00+01:00,148.34
2023-11-27 14:45:00+01:00,153.33
2023-11-27 15:00:00+01:00,128.33
2023-11-27 15:15:00+01:00,139.9
2023-11-27 15:30:00+01:00,150.77
2023-11-27 15:45:00+01:00,162.4
2023-11-27 16:00:00+01:00,128.33
2023-11-27 16:15:00+01:00,139.9
2023-11-27 16:30:00+01:00,149.9
2023-11-27 16:45:00+01:00,162.4
2023-11-27 17:00:00+01:00,140.0
2023-11-27 17:15:00+01:00,153.33
2023-11-27 17:30:00+01:00,152.5
2023-11-27 17:45:00+01:00,154.9
2023-11-27 18:00:00+01:00,159.99
2023-11-27 18:15:00+01:00,153.33
2023-11-27 18:30:00+01:00,146.46
2023-11-27 18:45:00+01:00,134.9
2023-11-27 19:00:00+01:00,177.29
2023-11-27 19:15:00+01:00,152.4
2023-11-27 19:30:00+01:00,128.33
2023-11-27 19:45:00+01:00,116.29
2023-11-27 20:00:00+01:00,177.06
2023-11-27 20:15:00+01:00,144.9
2023-11-27 20:30:00+01:00,124.9
2023-11-27 20:45:00+01:00,95.09
2023-11-27 21:00:00+01:00,153.45
2023-11-27 21:15:00+01:00,129.9
2023-11-27 21:30:00+01:00,105.08
2023-11-27 21:45:00+01:00,90.05
2023-11-27 22:00:00+01:00,129.34
2023-11-27 22:15:00+01:00,129.34
2023-11-27 22:30:00+01:00,103.33
2023-11-27 22:45:00+01:00,91.57
2023-11-27 23:00:00+01:00,129.34
2023-11-27 23:15:00+01:00,114.9
2023-11-27 23:30:00+01:00,93.33
2023-11-27 23:45:00+01:00,75.34
2023-11-28 00:00:00+01:00,112.4
2023-11-28 00:15:00+01:00,99.9
2023-11-28 00:30:00+01:00,82.2
2023-11-28 00:45:00+01:00,62.53
2023-11-28 01:00:00+01:00,102.4
2023-11-28 01:15:00+01:00,82.59
2023-11-28 01:30:00+01:00,75.03
2023-11-28 01:45:00+01:00,65.58
2023-11-28 02:00:00+01:00,88.89
2023-11-28 02:15:00+01:00,80.06
2023-11-28 02:30:00+01:00,75.04
2023-11-28 02:45:00+01:00,70.01
2023-11-28 03:00:00+01:00,64.07
2023-11-28 03:15:00+01:00,62.0
2023-11-28 03:30:00+01:00,85.72
2023-11-28 03:45:00+01:00,89.9
2023-11-28 04:00:00+01:00,52.36
2023-11-28 04:15:00+01:00,57.06
2023-11-28 04:30:00+01:00,94.9
2023-11-28 04:45:00+01:00,110.0
2023-11-28 05:00:00+01:00,30.01
2023-11-28 05:15:00+01:00,82.4
2023-11-28 05:30:00+01:00,114.43
2023-11-28 05:45:00+01:00,149.9
2023-11-28 06:00:00+01:00,54.33
2023-11-28 06:15:00+01:00,110.0
2023-11-28 06:30:00+01:00,135.73
2023-11-28 06:45:00+01:00,165.02
2023-11-28 07:00:00+01:00,119.64
2023-11-28 07:15:00+01:00,135.73
2023-11-28 07:30:00+01:00,135.73
2023-11-28 07:45:00+01:00,135.73
2023-11-28 08:00:00+01:00,141.27
2023-11-28 08:15:00+01:00,142.4
2023-11-28 08:30:00+01:00,142.4
2023-11-28 08:45:00+01:00,134.72
2023-11-28 09:00:00+01:00,149.9
2023-11-28 09:15:00+01:00,135.73
2023-11-28 09:30:00+01:00,135.73
2023-11-28 09:45:00+01:00,128.52
2023-11-28 10:00:00+01:00,146.06
2023-11-28 10:15:00+01:00,134.72
2023-11-28 10:30:00+01:00,134.72
2023-11-28 10:45:00+01:00,126.42
2023-11-28 11:00:00+01:00,137.31
2023-11-28 11:15:00+01:00,137.31
2023-11-28 11:30:00+01:00,134.9
2023-11-28 11:45:00+01:00,130.36
2023-11-28 12:00:00+01:00,135.73
2023-11-28 12:15:00+01:00,134.72
2023-11-28 12:30:00+01:00,130.0
2023-11-28 12:45:00+01:00,134.72
2023-11-28 13:00:00+01:00,135.0
2023-11-28 13:15:00+01:00,135.73
2023-11-28 13:30:00+01:00,135.73
2023-11-28 13:45:00+01:00,130.66
2023-11-28 14:00:00+01:00,130.0
2023-11-28 14:15:00+01:00,134.72
2023-11-28 14:30:00+01:00,141.08
2023-11-28 14:45:00+01:00,147.4
2023-11-28 15:00:00+01:00,134.72
2023-11-28 15:15:00+01:00,135.2
2023-11-28 15:30:00+01:00,157.41
2023-11-28 15:45:00+01:00,150.0
2023-11-28 16:00:00+01:00,134.92
2023-11-28 16:15:00+01:00,154.96
2023-11-28 16:30:00+01:00,159.72
2023-11-28 16:45:00+01:00,169.93
2023-11-28 17:00:00+01:00,159.72
2023-11-28 17:15:00+01:00,174.2
2023-11-28 17:30:00+01:00,159.94
2023-11-28 17:45:00+01:00,159.94
2023-11-28 18:00:00+01:00,183.64
2023-11-28 18:15:00+01:00,159.72
2023-11-28 18:30:00+01:00,143.11
2023-11-28 18:45:00+01:00,135.73
2023-11-28 19:00:00+01:00,173.54
2023-11-28 19:15:00+01:00,159.72
2023-11-28 19:30:00+01:00,134.72
2023-11-28 19:45:00+01:00,112.72
2023-11-28 20:00:00+01:00,160.0
2023-11-28 20:15:00+01:00,151.94
2023-11-28 20:30:00+01:00,133.47
2023-11-28 20:45:00+01:00,102.4
2023-11-28 21:00:00+01:00,150.0
2023-11-28 21:15:00+01:00,141.19
2023-11-28 21:30:00+01:00,110.0
2023-11-28 21:45:00+01:00,100.0
2023-11-28 22:00:00+01:00,135.73
2023-11-28 22:15:00+01:00,135.73
2023-11-28 22:30:00+01:00,109.72
2023-11-28 22:45:00+01:00,93.91
2023-11-28 23:00:00+01:00,147.34
2023-11-28 23:15:00+01:00,112.5
2023-11-28 23:30:00+01:00,96.92
2023-11-28 23:45:00+01:00,74.25
2023-11-29 00:00:00+01:00,126.56
2023-11-29 00:15:00+01:00,117.06
2023-11-29 00:30:00+01:00,92.48
2023-11-29 00:45:00+01:00,79.97
2023-11-29 01:00:00+01:00,111.78
2023-11-29 01:15:00+01:00,98.87
2023-11-29 01:30:00+01:00,100.37
2023-11-29 01:45:00+01:00,84.99
2023-11-29 02:00:00+01:00,109.54
2023-11-29 02:15:00+01:00,92.5
2023-11-29 02:30:00+01:00,90.0
2023-11-29 02:45:00+01:00,84.99
2023-11-29 03:00:00+01:00,87.5
2023-11-29 03:15:00+01:00,87.47
2023-11-29 03:30:00+01:00,89.99
2023-11-29 03:45:00+01:00,101.44
2023-11-29 04:00:00+01:00,74.9
2023-11-29 04:15:00+01:00,78.17
2023-11-29 04:30:00+01:00,102.45
2023-11-29 04:45:00+01:00,115.0
2023-11-29 05:00:00+01:00,54.98
2023-11-29 05:15:00+01:00,83.51
2023-11-29 05:30:00+01:00,115.0
2023-11-29 05:45:00+01:00,147.63
2023-11-29 06:00:00+01:00,61.85
2023-11-29 06:15:00+01:00,120.27
2023-11-29 06:30:00+01:00,137.79
2023-11-29 06:45:00+01:00,160.01
2023-11-29 07:00:00+01:00,135.64
2023-11-29 07:15:00+01:00,136.78
2023-11-29 07:30:00+01:00,136.78
2023-11-29 07:45:00+01:00,137.79
2023-11-29 08:00:00+01:00,152.42
2023-11-29 08:15:00+01:00,139.95
2023-11-29 08:30:00+01:00,138.18
2023-11-29 08:45:00+01:00,131.03
2023-11-29 09:00:00+01:00,153.67
2023-11-29 09:15:00+01:00,142.43
2023-11-29 09:30:00+01:00,135.37
2023-11-29 09:45:00+01:00,128.12
2023-11-29 10:00:00+01:00,141.23
2023-11-29 10:15:00+01:00,136.78
2023-11-29 10:30:00+01:00,136.78
2023-11-29 10:45:00+01:00,124.97
2023-11-29 11:00:00+01:00,136.78
2023-11-29 11:15:00+01:00,136.78
2023-11-29 11:30:00+01:00,133.6
2023-11-29 11:45:00+01:00,132.45
2023-11-29 12:00:00+01:00,135.1
2023-11-29 12:15:00+01:00,129.93
2023-11-29 12:30:00+01:00,133.79
2023-11-29 12:45:00+01:00,137.48
2023-11-29 13:00:00+01:00,129.92
2023-11-29 13:15:00+01:00,134.93
2023-11-29 13:30:00+01:00,126.05
2023-11-29 13:45:00+01:00,137.79
2023-11-29 14:00:00+01:00,120.07
2023-11-29 14:15:00+01:00,137.79
2023-11-29 14:30:00+01:00,137.79
2023-11-29 14:45:00+01:00,149.92
2023-11-29 15:00:00+01:00,136.78
2023-11-29 15:15:00+01:00,137.45
2023-11-29 15:30:00+01:00,159.93
2023-11-29 15:45:00+01:00,161.78
2023-11-29 16:00:00+01:00,155.87
2023-11-29 16:15:00+01:00,161.78
2023-11-29 16:30:00+01:00,164.91
2023-11-29 16:45:00+01:00,169.09
2023-11-29 17:00:00+01:00,189.99
2023-11-29 17:15:00+01:00,189.34
2023-11-29 17:30:00+01:00,193.67
2023-11-29 17:45:00+01:00,193.55
2023-11-29 18:00:00+01:00,192.07
2023-11-29 18:15:00+01:00,192.61
2023-11-29 18:30:00+01:00,177.36
2023-11-29 18:45:00+01:00,179.11
2023-11-29 19:00:00+01:00,177.48
2023-11-29 19:15:00+01:00,167.72
2023-11-29 19:30:00+01:00,161.78
2023-11-29 19:45:00+01:00,136.78
2023-11-29 20:00:00+01:00,163.26
2023-11-29 20:15:00+01:00,154.15
2023-11-29 20:30:00+01:00,136.78
2023-11-29 20:45:00+01:00,127.94
2023-11-29 21:00:00+01:00,154.96
2023-11-29 21:15:00+01:00,137.79
2023-11-29 21:30:00+01:00,132.47
2023-11-29 21:45:00+01:00,113.1
2023-11-29 22:00:00+01:00,144.74
2023-11-29 22:15:00+01:00,137.79
2023-11-29 22:30:00+01:00,127.42
2023-11-29 22:45:00+01:00,107.41
2023-11-29 23:00:00+01:00,137.79
2023-11-29 23:15:00+01:00,124.75
2023-11-29 23:30:00+01:00,115.0
2023-11-29 23:45:00+01:00,102.41
2023-11-30 00:00:00+01:00,137.45
2023-11-30 00:15:00+01:00,124.98
2023-11-30 00:30:00+01:00,105.27
2023-11-30 00:45:00+01:00,97.41
2023-11-30 01:00:00+01:00,133.03
2023-11-30 01:15:00+01:00,117.48
2023-11-30 01:30:00+01:00,103.32
2023-11-30 01:45:00+01:00,90.1
2023-11-30 02:00:00+01:00,117.48
2023-11-30 02:15:00+01:00,114.92
2023-11-30 02:30:00+01:00,109.29
2023-11-30 02:45:00+01:00,92.6
2023-11-30 03:00:00+01:00,108.44
2023-11-30 03:15:00+01:00,100.26
2023-11-30 03:30:00+01:00,109.94
2023-11-30 03:45:00+01:00,114.99
2023-11-30 04:00:00+01:00,85.06
2023-11-30 04:15:00+01:00,96.39
2023-11-30 04:30:00+01:00,117.46
2023-11-30 04:45:00+01:00,134.91
2023-11-30 05:00:00+01:00,60.66
2023-11-30 05:15:00+01:00,104.0
2023-11-30 05:30:00+01:00,133.03
2023-11-30 05:45:00+01:00,169.9
2023-11-30 06:00:00+01:00,68.91
2023-11-30 06:15:00+01:00,124.35
2023-11-30 06:30:00+01:00,159.04
2023-11-30 06:45:00+01:00,187.41
2023-11-30 07:00:00+01:00,159.04
2023-11-30 07:15:00+01:00,169.95
2023-11-30 07:30:00+01:00,185.4
2023-11-30 07:45:00+01:00,180.81
2023-11-30 08:00:00+01:00,202.0
2023-11-30 08:15:00+01:00,212.94
2023-11-30 08:30:00+01:00,207.74
2023-11-30 08:45:00+01:00,192.12
2023-11-30 09:00:00+01:00,186.0
2023-11-30 09:15:00+01:00,186.0
2023-11-30 09:30:00+01:00,186.0
2023-11-30 09:45:00+01:00,190.78
2023-11-30 10:00:00+01:00,202.05
2023-11-30 10:15:00+01:00,183.03
2023-11-30 10:30:00+01:00,166.54
2023-11-30 10:45:00+01:00,165.58
2023-11-30 11:00:00+01:00,192.32
2023-11-30 11:15:00+01:00,187.22
2023-11-30 11:30:00+01:00,159.97
2023-11-30 11:45:00+01:00,159.04
2023-11-30 12:00:00+01:00,172.46
2023-11-30 12:15:00+01:00,159.97
2023-11-30 12:30:00+01:00,159.04
2023-11-30 12:45:00+01:00,172.0
2023-11-30 13:00:00+01:00,168.52
2023-11-30 13:15:00+01:00,168.0
2023-11-30 13:30:00+01:00,165.17
2023-11-30 13:45:00+01:00,159.04
2023-11-30 14:00:00+01:00,159.04
2023-11-30 14:15:00+01:00,173.64
2023-11-30 14:30:00+01:00,178.0
2023-11-30 14:45:00+01:00,178.0
2023-11-30 15:00:00+01:00,162.41
2023-11-30 15:15:00+01:00,185.07
2023-11-30 15:30:00+01:00,196.0
2023-11-30 15:45:00+01:00,189.97
2023-11-30 16:00:00+01:00,196.54
2023-11-30 16:15:00+01:00,189.54
2023-11-30 16:30:00+01:00,216.45
2023-11-30 16:45:00+01:00,223.96
2023-11-30 17:00:00+01:00,250.0
2023-11-30 17:15:00+01:00,250.0
2023-11-30 17:30:00+01:00,237.87
2023-11-30 17:45:00+01:00,230.6
2023-11-30 18:00:00+01:00,250.0
2023-11-30 18:15:00+01:00,242.4
2023-11-30 18:30:00+01:00,228.95
2023-11-30 18:45:00+01:00,212.74
2023-11-30 19:00:00+01:00,214.0
2023-11-30 19:15:00+01:00,200.96
2023-11-30 19:30:00+01:00,167.5
2023-11-30 19:45:00+01:00,151.23
2023-11-30 20:00:00+01:00,205.2
2023-11-30 20:15:00+01:00,183.03
2023-11-30 20:30:00+01:00,155.25
2023-11-30 20:45:00+01:00,132.41
2023-11-30 21:00:00+01:00,171.83
2023-11-30 21:15:00+01:00,159.04
2023-11-30 21:30:00+01:00,129.98
2023-11-30 21:45:00+01:00,101.63
2023-11-30 22:00:00+01:00,152.55
2023-11-30 22:15:00+01:00,148.0
2023-11-30 22:30:00+01:00,122.46
2023-11-30 22:45:00+01:00,104.99
2023-11-30 23:00:00+01:00,159.04
2023-11-30 23:15:00+01:00,135.53
2023-11-30 23:30:00+01:00,112.43
2023-11-30 23:45:00+01:00,85.03
2023-12-01 00:00:00+01:00,127.55
